object_index,object_type,object_type_name,group_id,group_name,wall_type_code,wall_type_name,point_count,min_x,max_x,min_y,max_y,points_json,raw_600
0,1000,TWall,280,,17,Polygon,18,-8.002672,-1.405733,-13.986252,-4.977900,"[{""x"":-7.985446929931641,""y"":-4.97790002822876},{""x"":-8.00267219543457,""y"":-13.986251831054688},{""x"":-1.4057329893112183,""y"":-12.367158889770508},{""x"":-2.1808300018310547,""y"":-12.160467147827148},{""x"":-2.9387030601501465,""y"":-11.884876251220703},{""x"":-3.6276779174804688,""y"":-11.557613372802734},{""x"":-4.299428939819336,""y"":-11.144227981567383},{""x"":-4.902283191680908,""y"":-10.661945343017578},{""x"":-5.487912178039551,""y"":-10.093541145324707},{""x"":-5.970193862915039,""y"":-9.559584617614746},{""x"":-6.435253143310547,""y"":-8.870609283447266},{""x"":-6.779739856719971,""y"":-8.181633949279785},{""x"":-7.072555065155029,""y"":-7.458209991455078},{""x"":-7.296472072601318,""y"":-6.631440162658691},{""x"":-7.434267044067383,""y"":-5.890790939331055},{""x"":-7.485939979553223,""y"":-5.115694046020508},{""x"":-7.485939979553223,""y"":-5.012348175048828},{""x"":-7.985446929931641,""y"":-4.97790002822876}]","[18,-7.985446929931641,-4.97790002822876,-8.00267219543457,-13.986251831054688,-1.4057329893112183,-12.367158889770508,-2.1808300018310547,-12.160467147827148,-2.9387030601501465,-11.884876251220703,-3.6276779174804688,-11.557613372802734,-4.299428939819336,-11.144227981567383,-4.902283191680908,-10.661945343017578,-5.487912178039551,-10.093541145324707,-5.970193862915039,-9.559584617614746,-6.435253143310547,-8.870609283447266,-6.779739856719971,-8.181633949279785,-7.072555065155029,-7.458209991455078,-7.296472072601318,-6.631440162658691,-7.434267044067383,-5.890790939331055,-7.485939979553223,-5.115694046020508,-7.485939979553223,-5.012348175048828,-7.985446929931641,-4.97790002822876,-1]"
1,1000,TWall,281,,11,Polygon,12,3.832559,8.000318,-14.000000,-11.000000,"[{""x"":3.832559108734131,""y"":-13.445865631103516},{""x"":8.000317573547363,""y"":-14},{""x"":7.5003180503845215,""y"":-11},{""x"":7.432168960571289,""y"":-11.517638206481934},{""x"":7.2323689460754395,""y"":-12},{""x"":6.914531230926514,""y"":-12.414213180541992},{""x"":6.5003180503845215,""y"":-12.732050895690918},{""x"":6.017955780029297,""y"":-12.931851387023926},{""x"":5.5003180503845215,""y"":-13},{""x"":4.982679843902588,""y"":-12.931851387023926},{""x"":4.386651039123535,""y"":-12.749515533447266},{""x"":3.832559108734131,""y"":-13.445865631103516}]","[12,3.832559108734131,-13.445865631103516,8.000317573547363,-14,7.5003180503845215,-11,7.432168960571289,-11.517638206481934,7.2323689460754395,-12,6.914531230926514,-12.414213180541992,6.5003180503845215,-12.732050895690918,6.017955780029297,-12.931851387023926,5.5003180503845215,-13,4.982679843902588,-12.931851387023926,4.386651039123535,-12.749515533447266,3.832559108734131,-13.445865631103516,-0.9999949932098389]"
2,1000,TWall,282,,23,Polygon,24,-6.313717,-2.349493,-10.769529,-3.111370,"[{""x"":-2.9576408863067627,""y"":-10.769529342651367},{""x"":-2.597256898880005,""y"":-10.611862182617188},{""x"":-2.3494930267333984,""y"":-10.25147819519043},{""x"":-2.7999730110168457,""y"":-9.73342514038086},{""x"":-3.070261001586914,""y"":-9.95866584777832},{""x"":-3.453169107437134,""y"":-9.936141967773438},{""x"":-3.6333611011505127,""y"":-9.800997734069824},{""x"":-4.286557197570801,""y"":-9.260421752929688},{""x"":-4.93975305557251,""y"":-8.427033424377441},{""x"":-5.457805156707764,""y"":-7.5485968589782715},{""x"":-5.7956647872924805,""y"":-6.580066204071045},{""x"":-5.975856781005859,""y"":-5.543962001800537},{""x"":-5.953332901000977,""y"":-4.462810039520264},{""x"":-5.7956647872924805,""y"":-3.4492290019989014},{""x"":-5.705568790435791,""y"":-3.156416893005371},{""x"":-5.863236904144287,""y"":-3.111370086669922},{""x"":-6.111001014709473,""y"":-4.372714042663574},{""x"":-6.313716888427734,""y"":-5.318720817565918},{""x"":-6.313716888427734,""y"":-6.422398090362549},{""x"":-5.9983811378479,""y"":-7.503550052642822},{""x"":-5.41275691986084,""y"":-8.562177658081055},{""x"":-4.782084941864014,""y"":-9.418089866638184},{""x"":-3.926172971725464,""y"":-10.183905601501465},{""x"":-2.9576408863067627,""y"":-10.769529342651367}]","[24,-2.9576408863067627,-10.769529342651367,-2.597256898880005,-10.611862182617188,-2.3494930267333984,-10.25147819519043,-2.7999730110168457,-9.73342514038086,-3.070261001586914,-9.95866584777832,-3.453169107437134,-9.936141967773438,-3.6333611011505127,-9.800997734069824,-4.286557197570801,-9.260421752929688,-4.93975305557251,-8.427033424377441,-5.457805156707764,-7.5485968589782715,-5.7956647872924805,-6.580066204071045,-5.975856781005859,-5.543962001800537,-5.953332901000977,-4.462810039520264,-5.7956647872924805,-3.4492290019989014,-5.705568790435791,-3.156416893005371,-5.863236904144287,-3.111370086669922,-6.111001014709473,-4.372714042663574,-6.313716888427734,-5.318720817565918,-6.313716888427734,-6.422398090362549,-5.9983811378479,-7.503550052642822,-5.41275691986084,-8.562177658081055,-4.782084941864014,-9.418089866638184,-3.926172971725464,-10.183905601501465,-2.9576408863067627,-10.769529342651367,-1]"
3,1000,TWall,283,,13,Polygon,14,-6.372664,-4.345913,-5.342276,3.416166,"[{""x"":-5.7217302322387695,""y"":-3.1612629890441895},{""x"":-4.345912933349609,""y"":0.3416689932346344},{""x"":-4.3717498779296875,""y"":2.6927549839019775},{""x"":-4.500929832458496,""y"":2.7960989475250244},{""x"":-4.578439235687256,""y"":2.6927549839019775},{""x"":-5.482701778411865,""y"":3.416166067123413},{""x"":-5.482701778411865,""y"":-0.8209559917449951},{""x"":-5.611880779266357,""y"":-2.024509906768799},{""x"":-5.804267883300781,""y"":-2.9522368907928467},{""x"":-6.127023220062256,""y"":-4.218997955322266},{""x"":-6.372663974761963,""y"":-5.32995080947876},{""x"":-6.309457778930664,""y"":-5.342276096343994},{""x"":-5.792736053466797,""y"":-3.197877883911133},{""x"":-5.7217302322387695,""y"":-3.1612629890441895}]","[14,-5.7217302322387695,-3.1612629890441895,-4.345912933349609,0.3416689932346344,-4.3717498779296875,2.6927549839019775,-4.500929832458496,2.7960989475250244,-4.578439235687256,2.6927549839019775,-5.482701778411865,3.416166067123413,-5.482701778411865,-0.8209559917449951,-5.611880779266357,-2.024509906768799,-5.804267883300781,-2.9522368907928467,-6.127023220062256,-4.218997955322266,-6.372663974761963,-5.32995080947876,-6.309457778930664,-5.342276096343994,-5.792736053466797,-3.197877883911133,-5.7217302322387695,-3.1612629890441895,-1]"
4,1000,TWall,284,,18,Polygon,19,1.714921,3.787505,-10.842160,-8.006398,"[{""x"":3.6241419315338135,""y"":-8.009264945983887},{""x"":3.515165090560913,""y"":-8.00639820098877},{""x"":1.897320032119751,""y"":-9.001415252685547},{""x"":1.7657890319824219,""y"":-9.096506118774414},{""x"":1.728371024131775,""y"":-9.189885139465332},{""x"":1.714920997619629,""y"":-9.98493480682373},{""x"":1.7624579668045044,""y"":-10.120569229125977},{""x"":2.7133920192718506,""y"":-10.806324005126953},{""x"":2.8882319927215576,""y"":-10.84216022491455},{""x"":3.0574750900268555,""y"":-10.725491523742676},{""x"":3.082916021347046,""y"":-10.551507949829102},{""x"":2.4704229831695557,""y"":-9.708788871765137},{""x"":3.3388400077819824,""y"":-9.038890838623047},{""x"":3.6268250942230225,""y"":-9.387686729431152},{""x"":3.723742961883545,""y"":-9.373764038085938},{""x"":3.769577980041504,""y"":-9.233202934265137},{""x"":3.7875049114227295,""y"":-8.224281311035156},{""x"":3.7294669151306152,""y"":-8.07437515258789},{""x"":3.6241419315338135,""y"":-8.009264945983887}]","[19,3.6241419315338135,-8.009264945983887,3.515165090560913,-8.00639820098877,1.897320032119751,-9.001415252685547,1.7657890319824219,-9.096506118774414,1.728371024131775,-9.189885139465332,1.714920997619629,-9.98493480682373,1.7624579668045044,-10.120569229125977,2.7133920192718506,-10.806324005126953,2.8882319927215576,-10.84216022491455,3.0574750900268555,-10.725491523742676,3.082916021347046,-10.551507949829102,2.4704229831695557,-9.708788871765137,3.3388400077819824,-9.038890838623047,3.6268250942230225,-9.387686729431152,3.723742961883545,-9.373764038085938,3.769577980041504,-9.233202934265137,3.7875049114227295,-8.224281311035156,3.7294669151306152,-8.07437515258789,3.6241419315338135,-8.009264945983887,-1]"
5,1000,TWall,285,,10,Polygon,11,3.550802,7.845399,10.493291,13.855931,"[{""x"":3.6255149841308594,""y"":12.546368598937988},{""x"":6.503172874450684,""y"":10.493290901184082},{""x"":6.879387855529785,""y"":12.13948917388916},{""x"":6.943272113800049,""y"":12.38618278503418},{""x"":7.178965091705322,""y"":12.392144203186035},{""x"":7.507630825042725,""y"":10.537641525268555},{""x"":7.812213897705078,""y"":10.527684211730957},{""x"":7.845398902893066,""y"":13.855931282043457},{""x"":3.554395914077759,""y"":13.854764938354492},{""x"":3.550801992416382,""y"":12.67558479309082},{""x"":3.6255149841308594,""y"":12.546368598937988}]","[11,3.6255149841308594,12.546368598937988,6.503172874450684,10.493290901184082,6.879387855529785,12.13948917388916,6.943272113800049,12.38618278503418,7.178965091705322,12.392144203186035,7.507630825042725,10.537641525268555,7.812213897705078,10.527684211730957,7.845398902893066,13.855931282043457,3.554395914077759,13.854764938354492,3.550801992416382,12.67558479309082,3.6255149841308594,12.546368598937988,-1]"
6,1000,TWall,286,,4,Polygon,5,7.510002,7.760002,-7.000000,13.000000,"[{""x"":7.760002136230469,""y"":13},{""x"":7.510002136230469,""y"":13},{""x"":7.510002136230469,""y"":-7},{""x"":7.760002136230469,""y"":-7},{""x"":7.760002136230469,""y"":13}]","[5,7.760002136230469,13,7.510002136230469,13,7.510002136230469,-7,7.760002136230469,-7,7.760002136230469,13,-1]"
7,1000,TWall,287,,4,Polygon,5,-7.759998,-7.509998,-7.000000,13.000000,"[{""x"":-7.509997844696045,""y"":13},{""x"":-7.759997844696045,""y"":13},{""x"":-7.759997844696045,""y"":-7},{""x"":-7.509997844696045,""y"":-7},{""x"":-7.509997844696045,""y"":13}]","[5,-7.509997844696045,13,-7.759997844696045,13,-7.759997844696045,-7,-7.509997844696045,-7,-7.509997844696045,13,-1]"
8,1000,TWall,288,,14,Polygon,15,2.688259,4.319489,6.936162,10.346536,"[{""x"":4.015257835388184,""y"":7.433938026428223},{""x"":3.8825180530548096,""y"":7.160161018371582},{""x"":3.932295083999634,""y"":6.994235992431641},{""x"":4.073330879211426,""y"":6.936161994934082},{""x"":4.214367866516113,""y"":6.961050987243652},{""x"":4.297329902648926,""y"":7.0771989822387695},{""x"":4.319489002227783,""y"":9.333043098449707},{""x"":4.205215930938721,""y"":9.522027969360352},{""x"":3.0543010234832764,""y"":10.305914878845215},{""x"":2.8477530479431152,""y"":10.346535682678223},{""x"":2.733454942703247,""y"":10.24693775177002},{""x"":2.6882588863372803,""y"":10.063486099243164},{""x"":2.7896649837493896,""y"":9.943733215332031},{""x"":2.9794819355010986,""y"":9.952168464660645},{""x"":4.015257835388184,""y"":7.433938026428223}]","[15,4.015257835388184,7.433938026428223,3.8825180530548096,7.160161018371582,3.932295083999634,6.994235992431641,4.073330879211426,6.936161994934082,4.214367866516113,6.961050987243652,4.297329902648926,7.0771989822387695,4.319489002227783,9.333043098449707,4.205215930938721,9.522027969360352,3.0543010234832764,10.305914878845215,2.8477530479431152,10.346535682678223,2.733454942703247,10.24693775177002,2.6882588863372803,10.063486099243164,2.7896649837493896,9.943733215332031,2.9794819355010986,9.952168464660645,4.015257835388184,7.433938026428223,-1]"
9,1000,TWall,289,,4,Polygon,5,5.225000,5.475000,7.125000,8.375000,"[{""x"":5.474999904632568,""y"":8.375},{""x"":5.224999904632568,""y"":8.375},{""x"":5.224999904632568,""y"":7.125},{""x"":5.474999904632568,""y"":7.125},{""x"":5.474999904632568,""y"":8.375}]","[5,5.474999904632568,8.375,5.224999904632568,8.375,5.224999904632568,7.125,5.474999904632568,7.125,5.474999904632568,8.375,-1]"
10,1000,TWall,290,,4,Polygon,5,6.250002,6.500002,7.125000,8.875000,"[{""x"":6.500001907348633,""y"":8.875},{""x"":6.250001907348633,""y"":8.875},{""x"":6.250001907348633,""y"":7.125},{""x"":6.500001907348633,""y"":7.125},{""x"":6.500001907348633,""y"":8.875}]","[5,6.500001907348633,8.875,6.250001907348633,8.875,6.250001907348633,7.125,6.500001907348633,7.125,6.500001907348633,8.875,-1]"
11,1000,TWall,291,,10,Polygon,11,-6.410654,-3.551100,10.879766,13.875419,"[{""x"":-3.551100015640259,""y"":12.695112228393555},{""x"":-3.5546939373016357,""y"":13.874292373657227},{""x"":-6.410654067993164,""y"":13.875418663024902},{""x"":-6.408810138702393,""y"":11.320856094360352},{""x"":-6.2751078605651855,""y"":10.879766464233398},{""x"":-6.247982025146484,""y"":12.106388092041016},{""x"":-5.924727916717529,""y"":11.823904991149902},{""x"":-5.502492904663086,""y"":11.603157043457031},{""x"":-5.289030075073242,""y"":11.264829635620117},{""x"":-3.6258139610290527,""y"":12.565896034240723},{""x"":-3.551100015640259,""y"":12.695112228393555}]","[11,-3.551100015640259,12.695112228393555,-3.5546939373016357,13.874292373657227,-6.410654067993164,13.875418663024902,-6.408810138702393,11.320856094360352,-6.2751078605651855,10.879766464233398,-6.247982025146484,12.106388092041016,-5.924727916717529,11.823904991149902,-5.502492904663086,11.603157043457031,-5.289030075073242,11.264829635620117,-3.6258139610290527,12.565896034240723,-3.551100015640259,12.695112228393555,-1]"
12,1000,TWall,292,,4,Polygon,5,-5.475587,-5.224412,7.119301,9.713152,"[{""x"":-5.224411964416504,""y"":9.713151931762695},{""x"":-5.475586891174316,""y"":9.713151931762695},{""x"":-5.475586891174316,""y"":7.119300842285156},{""x"":-5.224411964416504,""y"":7.119300842285156},{""x"":-5.224411964416504,""y"":9.713151931762695}]","[5,-5.224411964416504,9.713151931762695,-5.475586891174316,9.713151931762695,-5.475586891174316,7.119300842285156,-5.224411964416504,7.119300842285156,-5.224411964416504,9.713151931762695,-1]"
13,1000,TWall,293,,4,Polygon,5,-6.499998,-6.249998,4.850000,12.850000,"[{""x"":-6.249998092651367,""y"":12.850000381469727},{""x"":-6.499998092651367,""y"":12.850000381469727},{""x"":-6.499998092651367,""y"":4.849999904632568},{""x"":-6.249998092651367,""y"":4.849999904632568},{""x"":-6.249998092651367,""y"":12.850000381469727}]","[5,-6.249998092651367,12.850000381469727,-6.499998092651367,12.850000381469727,-6.499998092651367,4.849999904632568,-6.249998092651367,4.849999904632568,-6.249998092651367,12.850000381469727,-1]"
14,1000,TWall,294,,4,Polygon,5,-0.749998,-0.499998,-9.875000,-9.125000,"[{""x"":-0.7499979734420776,""y"":-9.125},{""x"":-0.7499979734420776,""y"":-9.875},{""x"":-0.4999980032444,""y"":-9.875},{""x"":-0.4999980032444,""y"":-9.125},{""x"":-0.7499979734420776,""y"":-9.125}]","[5,-0.7499979734420776,-9.125,-0.7499979734420776,-9.875,-0.4999980032444,-9.875,-0.4999980032444,-9.125,-0.7499979734420776,-9.125,-1]"
15,1000,TWall,295,,4,Polygon,5,0.500002,0.750002,-9.875000,-9.125000,"[{""x"":0.5000020265579224,""y"":-9.125},{""x"":0.5000020265579224,""y"":-9.875},{""x"":0.7500020265579224,""y"":-9.875},{""x"":0.7500020265579224,""y"":-9.125},{""x"":0.5000020265579224,""y"":-9.125}]","[5,0.5000020265579224,-9.125,0.5000020265579224,-9.875,0.7500020265579224,-9.875,0.7500020265579224,-9.125,0.5000020265579224,-9.125,-1]"
16,1000,TWall,296,,27,Polygon,28,-3.955387,-1.712820,-10.838288,-8.163998,"[{""x"":-3.5356550216674805,""y"":-8.547752380371094},{""x"":-3.2238540649414062,""y"":-8.859552383422852},{""x"":-2.888068914413452,""y"":-9.171353340148926},{""x"":-2.756153106689453,""y"":-9.399208068847656},{""x"":-2.756153106689453,""y"":-9.567100524902344},{""x"":-2.864084005355835,""y"":-9.734992980957031},{""x"":-2.996000051498413,""y"":-9.890893936157227},{""x"":-3.2478389739990234,""y"":-9.962847709655762},{""x"":-3.4756929874420166,""y"":-9.926870346069336},{""x"":-3.595616102218628,""y"":-9.818939208984375},{""x"":-3.9553871154785156,""y"":-10.178709983825684},{""x"":-3.0679540634155273,""y"":-10.754342079162598},{""x"":-2.9480299949645996,""y"":-10.814303398132324},{""x"":-2.804121971130371,""y"":-10.838288307189941},{""x"":-2.708184003829956,""y"":-10.814303398132324},{""x"":-1.7607890367507935,""y"":-10.11874771118164},{""x"":-1.712820053100586,""y"":-10.01081657409668},{""x"":-1.712820053100586,""y"":-9.21932315826416},{""x"":-1.7847739458084106,""y"":-9.09939956665039},{""x"":-2.000636100769043,""y"":-8.979475975036621},{""x"":-2.0965750217437744,""y"":-8.979475975036621},{""x"":-2.4803290367126465,""y"":-9.327253341674805},{""x"":-2.5522830486297607,""y"":-9.327253341674805},{""x"":-3.151900053024292,""y"":-8.72763729095459},{""x"":-3.1638920307159424,""y"":-8.643691062927246},{""x"":-2.8161139488220215,""y"":-8.295912742614746},{""x"":-2.8760759830474854,""y"":-8.163997650146484},{""x"":-3.5356550216674805,""y"":-8.547752380371094}]","[28,-3.5356550216674805,-8.547752380371094,-3.2238540649414062,-8.859552383422852,-2.888068914413452,-9.171353340148926,-2.756153106689453,-9.399208068847656,-2.756153106689453,-9.567100524902344,-2.864084005355835,-9.734992980957031,-2.996000051498413,-9.890893936157227,-3.2478389739990234,-9.962847709655762,-3.4756929874420166,-9.926870346069336,-3.595616102218628,-9.818939208984375,-3.9553871154785156,-10.178709983825684,-3.0679540634155273,-10.754342079162598,-2.9480299949645996,-10.814303398132324,-2.804121971130371,-10.838288307189941,-2.708184003829956,-10.814303398132324,-1.7607890367507935,-10.11874771118164,-1.712820053100586,-10.01081657409668,-1.712820053100586,-9.21932315826416,-1.7847739458084106,-9.09939956665039,-2.000636100769043,-8.979475975036621,-2.0965750217437744,-8.979475975036621,-2.4803290367126465,-9.327253341674805,-2.5522830486297607,-9.327253341674805,-3.151900053024292,-8.72763729095459,-3.1638920307159424,-8.643691062927246,-2.8161139488220215,-8.295912742614746,-2.8760759830474854,-8.163997650146484,-3.5356550216674805,-8.547752380371094,-1]"
17,1000,TWall,297,,11,Polygon,12,-1.457388,3.850037,-13.447005,-11.610209,"[{""x"":3.850037097930908,""y"":-13.447005271911621},{""x"":2.8859729766845703,""y"":-12.858418464660645},{""x"":3.647075891494751,""y"":-11.742134094238281},{""x"":3.5861880779266357,""y"":-11.610209465026855},{""x"":2.4394590854644775,""y"":-12.087167739868164},{""x"":1.6885039806365967,""y"":-12.320572853088379},{""x"":0.9274010062217712,""y"":-12.452496528625488},{""x"":0.17644600570201874,""y"":-12.5032377243042},{""x"":-0.5643609762191772,""y"":-12.49308967590332},{""x"":-1.4472399950027466,""y"":-12.361165046691895},{""x"":-1.4573880434036255,""y"":-12.361165046691895},{""x"":3.850037097930908,""y"":-13.447005271911621}]","[12,3.850037097930908,-13.447005271911621,2.8859729766845703,-12.858418464660645,3.647075891494751,-11.742134094238281,3.5861880779266357,-11.610209465026855,2.4394590854644775,-12.087167739868164,1.6885039806365967,-12.320572853088379,0.9274010062217712,-12.452496528625488,0.17644600570201874,-12.5032377243042,-0.5643609762191772,-12.49308967590332,-1.4472399950027466,-12.361165046691895,-1.4573880434036255,-12.361165046691895,3.850037097930908,-13.447005271911621,-1]"
18,1000,TWall,298,,9,Polygon,10,-0.919818,1.419149,-3.873239,-2.347979,"[{""x"":1.298071026802063,""y"":-3.0186851024627686},{""x"":-0.6299970149993896,""y"":-2.3479790687561035},{""x"":-0.7989910244941711,""y"":-2.4195621013641357},{""x"":-0.9198179841041565,""y"":-2.569653034210205},{""x"":-0.6536480188369751,""y"":-3.19323992729187},{""x"":-0.025682000443339348,""y"":-3.873239040374756},{""x"":0.8381459712982178,""y"":-3.6001579761505127},{""x"":1.4191490411758423,""y"":-3.321542978286743},{""x"":1.4050500392913818,""y"":-3.145098924636841},{""x"":1.298071026802063,""y"":-3.0186851024627686}]","[10,1.298071026802063,-3.0186851024627686,-0.6299970149993896,-2.3479790687561035,-0.7989910244941711,-2.4195621013641357,-0.9198179841041565,-2.569653034210205,-0.6536480188369751,-3.19323992729187,-0.025682000443339348,-3.873239040374756,0.8381459712982178,-3.6001579761505127,1.4191490411758423,-3.321542978286743,1.4050500392913818,-3.145098924636841,1.298071026802063,-3.0186851024627686,-1]"
19,1000,TWall,299,,4,Polygon,5,-6.517799,-6.256757,-0.029785,3.820215,"[{""x"":-6.256756782531738,""y"":3.807302951812744},{""x"":-6.5101141929626465,""y"":3.8202149868011475},{""x"":-6.517798900604248,""y"":-0.029784999787807465},{""x"":-6.256756782531738,""y"":-0.029784999787807465},{""x"":-6.256756782531738,""y"":3.807302951812744}]","[5,-6.256756782531738,3.807302951812744,-6.5101141929626465,3.8202149868011475,-6.517798900604248,-0.029784999787807465,-6.256756782531738,-0.029784999787807465,-6.256756782531738,3.807302951812744,-1]"
20,1000,TWall,300,,9,Polygon,10,2.362183,5.472268,-13.719997,-11.589387,"[{""x"":2.6651129722595215,""y"":-13.649313926696777},{""x"":5.472268104553223,""y"":-13.71999740600586},{""x"":5.472268104553223,""y"":-13.01315975189209},{""x"":4.977481842041016,""y"":-12.942476272583008},{""x"":4.462500095367432,""y"":-12.710229873657227},{""x"":4.078787803649902,""y"":-12.417396545410156},{""x"":3.775857925415039,""y"":-12.003392219543457},{""x"":3.6041979789733887,""y"":-11.589386940002441},{""x"":2.362183094024658,""y"":-12.175052642822266},{""x"":2.6651129722595215,""y"":-13.649313926696777}]","[10,2.6651129722595215,-13.649313926696777,5.472268104553223,-13.71999740600586,5.472268104553223,-13.01315975189209,4.977481842041016,-12.942476272583008,4.462500095367432,-12.710229873657227,4.078787803649902,-12.417396545410156,3.775857925415039,-12.003392219543457,3.6041979789733887,-11.589386940002441,2.362183094024658,-12.175052642822266,2.6651129722595215,-13.649313926696777,-1]"
21,1000,TWall,301,,14,Polygon,15,-4.319489,-2.688259,6.936162,10.346536,"[{""x"":-2.9794819355010986,""y"":9.952168464660645},{""x"":-2.7896649837493896,""y"":9.943733215332031},{""x"":-2.6882588863372803,""y"":10.063486099243164},{""x"":-2.733454942703247,""y"":10.24693775177002},{""x"":-2.8477530479431152,""y"":10.346535682678223},{""x"":-3.0543010234832764,""y"":10.305914878845215},{""x"":-4.205215930938721,""y"":9.522027969360352},{""x"":-4.319489002227783,""y"":9.333043098449707},{""x"":-4.297329902648926,""y"":7.0771989822387695},{""x"":-4.214367866516113,""y"":6.961050987243652},{""x"":-4.073330879211426,""y"":6.936161994934082},{""x"":-3.932295083999634,""y"":6.994235992431641},{""x"":-3.8825180530548096,""y"":7.160161018371582},{""x"":-4.015257835388184,""y"":7.433938026428223},{""x"":-2.9794819355010986,""y"":9.952168464660645}]","[15,-2.9794819355010986,9.952168464660645,-2.7896649837493896,9.943733215332031,-2.6882588863372803,10.063486099243164,-2.733454942703247,10.24693775177002,-2.8477530479431152,10.346535682678223,-3.0543010234832764,10.305914878845215,-4.205215930938721,9.522027969360352,-4.319489002227783,9.333043098449707,-4.297329902648926,7.0771989822387695,-4.214367866516113,6.961050987243652,-4.073330879211426,6.936161994934082,-3.932295083999634,6.994235992431641,-3.8825180530548096,7.160161018371582,-4.015257835388184,7.433938026428223,-2.9794819355010986,9.952168464660645,-1]"
22,1000,TWall,302,,28,Polygon,29,3.007400,6.563740,-6.150629,-0.597414,"[{""x"":6.24043607711792,""y"":-6.150629043579102},{""x"":6.4496331214904785,""y"":-6.036520957946777},{""x"":6.563739776611328,""y"":-5.523038864135742},{""x"":6.563739776611328,""y"":-4.572145938873291},{""x"":6.430613994598389,""y"":-3.602236032485962},{""x"":6.126328945159912,""y"":-2.5942890644073486},{""x"":5.688918113708496,""y"":-1.7004499435424805},{""x"":5.118381977081299,""y"":-0.9017000198364258},{""x"":4.776061058044434,""y"":-0.6164320111274719},{""x"":4.566864967346191,""y"":-0.5974140167236328},{""x"":3.1405251026153564,""y"":-1.4532179832458496},{""x"":3.0264179706573486,""y"":-1.605360984802246},{""x"":3.0074000358581543,""y"":-1.9666999578475952},{""x"":3.0644540786743164,""y"":-2.042771100997925},{""x"":3.1405251026153564,""y"":-2.099824905395508},{""x"":3.2736499309539795,""y"":-2.0047359466552734},{""x"":3.3116860389709473,""y"":-1.928663969039917},{""x"":5.3846330642700195,""y"":-3.050718069076538},{""x"":5.327579021453857,""y"":-3.221879005432129},{""x"":5.365614891052246,""y"":-3.297950029373169},{""x"":5.4607038497924805,""y"":-3.355004072189331},{""x"":5.669899940490723,""y"":-3.5451819896698},{""x"":5.841061115264893,""y"":-3.9065210819244385},{""x"":5.993204116821289,""y"":-4.343932151794434},{""x"":6.06927490234375,""y"":-4.78134298324585},{""x"":6.06927490234375,""y"":-5.275806903839111},{""x"":6.06927490234375,""y"":-5.7132182121276855},{""x"":6.088293075561523,""y"":-6.0175042152404785},{""x"":6.24043607711792,""y"":-6.150629043579102}]","[29,6.24043607711792,-6.150629043579102,6.4496331214904785,-6.036520957946777,6.563739776611328,-5.523038864135742,6.563739776611328,-4.572145938873291,6.430613994598389,-3.602236032485962,6.126328945159912,-2.5942890644073486,5.688918113708496,-1.7004499435424805,5.118381977081299,-0.9017000198364258,4.776061058044434,-0.6164320111274719,4.566864967346191,-0.5974140167236328,3.1405251026153564,-1.4532179832458496,3.0264179706573486,-1.605360984802246,3.0074000358581543,-1.9666999578475952,3.0644540786743164,-2.042771100997925,3.1405251026153564,-2.099824905395508,3.2736499309539795,-2.0047359466552734,3.3116860389709473,-1.928663969039917,5.3846330642700195,-3.050718069076538,5.327579021453857,-3.221879005432129,5.365614891052246,-3.297950029373169,5.4607038497924805,-3.355004072189331,5.669899940490723,-3.5451819896698,5.841061115264893,-3.9065210819244385,5.993204116821289,-4.343932151794434,6.06927490234375,-4.78134298324585,6.06927490234375,-5.275806903839111,6.06927490234375,-5.7132182121276855,6.088293075561523,-6.0175042152404785,6.24043607711792,-6.150629043579102,-1]"
23,1000,TWall,303,,8,Polygon,9,4.731383,6.589299,-1.441633,5.644991,"[{""x"":6.509674072265625,""y"":5.6184492111206055},{""x"":6.031923770904541,""y"":5.379573822021484},{""x"":5.049882888793945,""y"":5.193782806396484},{""x"":4.837550163269043,""y"":5.087615966796875},{""x"":4.731382846832275,""y"":4.822198867797852},{""x"":4.731382846832275,""y"":2.4334499835968018},{""x"":6.5627570152282715,""y"":-1.4416329860687256},{""x"":6.589299201965332,""y"":5.644990921020508},{""x"":6.509674072265625,""y"":5.6184492111206055}]","[9,6.509674072265625,5.6184492111206055,6.031923770904541,5.379573822021484,5.049882888793945,5.193782806396484,4.837550163269043,5.087615966796875,4.731382846832275,4.822198867797852,4.731382846832275,2.4334499835968018,6.5627570152282715,-1.4416329860687256,6.589299201965332,5.644990921020508,6.509674072265625,5.6184492111206055,-1]"
24,1000,TWall,304,,30,Polygon,31,-4.948047,-2.807544,-8.699113,-2.312129,"[{""x"":-3.2390971183776855,""y"":-8.699112892150879},{""x"":-2.807543992996216,""y"":-8.31934642791748},{""x"":-2.8420679569244385,""y"":-8.233036041259766},{""x"":-3.0664761066436768,""y"":-7.974103927612305},{""x"":-3.3771939277648926,""y"":-7.456240177154541},{""x"":-3.6361260414123535,""y"":-6.938375949859619},{""x"":-3.843271017074585,""y"":-6.420513153076172},{""x"":-3.9986300468444824,""y"":-5.833600997924805},{""x"":-3.981368064880371,""y"":-5.263950824737549},{""x"":-3.929582118988037,""y"":-4.935970783233643},{""x"":-3.9986300468444824,""y"":-4.832397937774658},{""x"":-4.084939956665039,""y"":-4.797873020172119},{""x"":-4.1367268562316895,""y"":-4.728825092315674},{""x"":-3.187309980392456,""y"":-2.7091569900512695},{""x"":-3.135524034500122,""y"":-2.726418972015381},{""x"":-3.1010000705718994,""y"":-2.743680953979492},{""x"":-3.04921293258667,""y"":-2.726418972015381},{""x"":-2.9801650047302246,""y"":-2.5883219242095947},{""x"":-2.997426986694336,""y"":-2.5365359783172607},{""x"":-3.4289801120758057,""y"":-2.312129020690918},{""x"":-3.981368064880371,""y"":-2.95082688331604},{""x"":-4.447444915771484,""y"":-3.589524984359741},{""x"":-4.723639011383057,""y"":-4.141912937164307},{""x"":-4.930784225463867,""y"":-4.884183883666992},{""x"":-4.948047161102295,""y"":-5.6437177658081055},{""x"":-4.775424957275391,""y"":-6.385989189147949},{""x"":-4.533755779266357,""y"":-7.093736171722412},{""x"":-4.171250820159912,""y"":-7.766958236694336},{""x"":-3.72243595123291,""y"":-8.336607933044434},{""x"":-3.359930992126465,""y"":-8.699112892150879},{""x"":-3.2390971183776855,""y"":-8.699112892150879}]","[31,-3.2390971183776855,-8.699112892150879,-2.807543992996216,-8.31934642791748,-2.8420679569244385,-8.233036041259766,-3.0664761066436768,-7.974103927612305,-3.3771939277648926,-7.456240177154541,-3.6361260414123535,-6.938375949859619,-3.843271017074585,-6.420513153076172,-3.9986300468444824,-5.833600997924805,-3.981368064880371,-5.263950824737549,-3.929582118988037,-4.935970783233643,-3.9986300468444824,-4.832397937774658,-4.084939956665039,-4.797873020172119,-4.1367268562316895,-4.728825092315674,-3.187309980392456,-2.7091569900512695,-3.135524034500122,-2.726418972015381,-3.1010000705718994,-2.743680953979492,-3.04921293258667,-2.726418972015381,-2.9801650047302246,-2.5883219242095947,-2.997426986694336,-2.5365359783172607,-3.4289801120758057,-2.312129020690918,-3.981368064880371,-2.95082688331604,-4.447444915771484,-3.589524984359741,-4.723639011383057,-4.141912937164307,-4.930784225463867,-4.884183883666992,-4.948047161102295,-5.6437177658081055,-4.775424957275391,-6.385989189147949,-4.533755779266357,-7.093736171722412,-4.171250820159912,-7.766958236694336,-3.72243595123291,-8.336607933044434,-3.359930992126465,-8.699112892150879,-3.2390971183776855,-8.699112892150879,-1]"
25,1000,TWall,305,,20,Polygon,21,5.404111,7.880133,-13.930869,-4.722293,"[{""x"":7.518465995788574,""y"":-5.779469966888428},{""x"":7.379364013671875,""y"":-6.558444023132324},{""x"":7.156801223754883,""y"":-7.393057823181152},{""x"":6.707277774810791,""y"":-8.141342163085938},{""x"":6.249392032623291,""y"":-8.693363189697266},{""x"":6.252264976501465,""y"":-9.178984642028809},{""x"":6.934237003326416,""y"":-9.590875625610352},{""x"":7.240262031555176,""y"":-10.008182525634766},{""x"":7.435005187988281,""y"":-10.453310012817383},{""x"":7.518465995788574,""y"":-10.870616912841797},{""x"":7.435005187988281,""y"":-11.593949317932129},{""x"":7.240262031555176,""y"":-12.039076805114746},{""x"":6.934237003326416,""y"":-12.456384658813477},{""x"":6.516930103302002,""y"":-12.734588623046875},{""x"":6.071802139282227,""y"":-12.9571533203125},{""x"":5.487572193145752,""y"":-13.040614128112793},{""x"":5.404110908508301,""y"":-13.930869102478027},{""x"":7.880133152008057,""y"":-13.930869102478027},{""x"":7.880133152008057,""y"":-4.722292900085449},{""x"":7.518465995788574,""y"":-4.722292900085449},{""x"":7.518465995788574,""y"":-5.779469966888428}]","[21,7.518465995788574,-5.779469966888428,7.379364013671875,-6.558444023132324,7.156801223754883,-7.393057823181152,6.707277774810791,-8.141342163085938,6.249392032623291,-8.693363189697266,6.252264976501465,-9.178984642028809,6.934237003326416,-9.590875625610352,7.240262031555176,-10.008182525634766,7.435005187988281,-10.453310012817383,7.518465995788574,-10.870616912841797,7.435005187988281,-11.593949317932129,7.240262031555176,-12.039076805114746,6.934237003326416,-12.456384658813477,6.516930103302002,-12.734588623046875,6.071802139282227,-12.9571533203125,5.487572193145752,-13.040614128112793,5.404110908508301,-13.930869102478027,7.880133152008057,-13.930869102478027,7.880133152008057,-4.722292900085449,7.518465995788574,-4.722292900085449,7.518465995788574,-5.779469966888428,-1]"
26,1000,TWall,306,,4,Polygon,5,5.765066,5.958086,1.971462,2.478031,"[{""x"":5.765066146850586,""y"":2.4780309200286865},{""x"":5.765066146850586,""y"":1.9714620113372803},{""x"":5.958086013793945,""y"":1.9714620113372803},{""x"":5.958086013793945,""y"":2.4780309200286865},{""x"":5.765066146850586,""y"":2.4780309200286865}]","[5,5.765066146850586,2.4780309200286865,5.765066146850586,1.9714620113372803,5.958086013793945,1.9714620113372803,5.958086013793945,2.4780309200286865,5.765066146850586,2.4780309200286865,0.3711329996585846]"
27,1000,TWall,307,,4,Polygon,5,6.748575,6.941596,1.703948,2.210516,"[{""x"":6.748575210571289,""y"":2.2105159759521484},{""x"":6.748575210571289,""y"":1.7039480209350586},{""x"":6.941596031188965,""y"":1.7039480209350586},{""x"":6.941596031188965,""y"":2.2105159759521484},{""x"":6.748575210571289,""y"":2.2105159759521484}]","[5,6.748575210571289,2.2105159759521484,6.748575210571289,1.7039480209350586,6.941596031188965,1.7039480209350586,6.941596031188965,2.2105159759521484,6.748575210571289,2.2105159759521484,0.3711329996585846]"
28,1000,TWall,308,,6,Polygon,7,7.211360,7.695189,2.510644,4.516206,"[{""x"":7.695188999176025,""y"":4.516205787658691},{""x"":7.306869029998779,""y"":4.1720290184021},{""x"":7.211359977722168,""y"":3.638700008392334},{""x"":7.2152581214904785,""y"":3.305206060409546},{""x"":7.289065837860107,""y"":2.857917070388794},{""x"":7.6915788650512695,""y"":2.51064395904541},{""x"":7.695188999176025,""y"":4.516205787658691}]","[7,7.695188999176025,4.516205787658691,7.306869029998779,4.1720290184021,7.211359977722168,3.638700008392334,7.2152581214904785,3.305206060409546,7.289065837860107,2.857917070388794,7.6915788650512695,2.51064395904541,7.695188999176025,4.516205787658691,-1]"
29,1000,TWall,309,,6,Polygon,7,4.755264,5.240738,3.020978,4.953022,"[{""x"":4.755263805389404,""y"":3.0209779739379883},{""x"":5.148166179656982,""y"":3.3616418838500977},{""x"":5.2407379150390625,""y"":3.782444953918457},{""x"":5.236847877502441,""y"":4.288744926452637},{""x"":5.14830207824707,""y"":4.664316177368164},{""x"":4.764395236968994,""y"":4.953022003173828},{""x"":4.755263805389404,""y"":3.0209779739379883}]","[7,4.755263805389404,3.0209779739379883,5.148166179656982,3.3616418838500977,5.2407379150390625,3.782444953918457,5.236847877502441,4.288744926452637,5.14830207824707,4.664316177368164,4.764395236968994,4.953022003173828,4.755263805389404,3.0209779739379883,-1]"
30,1010,TWallAlt,310,,0,Circle,1,-3.561553,-3.289653,-2.613477,-2.341577,"[{""x"":-3.425602912902832,""y"":-2.477526903152466,""r"":0.1359499990940094}]","[1,-3.425602912902832,-2.477526903152466,0.1359499990940094,-0.9965010285377502]"
31,1010,TWallAlt,311,,0,Circle,1,-5.539295,-5.110705,5.285705,5.714295,"[{""x"":-5.324999809265137,""y"":5.5,""r"":0.21429499983787537}]","[1,-5.324999809265137,5.5,0.21429499983787537,-0.9965010285377502]"
32,1010,TWallAlt,312,,0,Circle,1,-5.432517,-5.117363,5.339921,5.655075,"[{""x"":-5.274940013885498,""y"":5.497498035430908,""r"":0.15757699310779572}]","[1,-5.274940013885498,5.497498035430908,0.15757699310779572,-1]"
33,1010,TWallAlt,313,,0,Circle,1,-6.508284,-6.256172,-0.058051,0.194061,"[{""x"":-6.382227897644043,""y"":0.06800500303506851,""r"":0.1260560005903244}]","[1,-6.382227897644043,0.06800500303506851,0.1260560005903244,0.0034990001004189253]"
34,1010,TWallAlt,314,,0,Circle,1,-6.513180,-6.261068,4.898694,5.150806,"[{""x"":-6.387124061584473,""y"":5.024750232696533,""r"":0.1260560005903244}]","[1,-6.387124061584473,5.024750232696533,0.1260560005903244,0.0034990001004189253]"
35,1010,TWallAlt,315,,0,Circle,1,-5.476056,-5.223944,7.016118,7.268230,"[{""x"":-5.349999904632568,""y"":7.142173767089844,""r"":0.1260560005903244}]","[1,-5.349999904632568,7.142173767089844,0.1260560005903244,-1]"
36,1010,TWallAlt,316,,0,Circle,1,-5.491976,-5.198776,9.580489,9.873689,"[{""x"":-5.345376014709473,""y"":9.727088928222656,""r"":0.14659999310970306}]","[1,-5.345376014709473,9.727088928222656,0.14659999310970306,0]"
37,1010,TWallAlt,317,,0,Circle,1,5.223944,5.476056,7.009817,7.261929,"[{""x"":5.349999904632568,""y"":7.135872840881348,""r"":0.1260560005903244}]","[1,5.349999904632568,7.135872840881348,0.1260560005903244,-1]"
38,1010,TWallAlt,318,,0,Circle,1,5.223944,5.476056,8.225556,8.477668,"[{""x"":5.349999904632568,""y"":8.351612091064453,""r"":0.1260560005903244}]","[1,5.349999904632568,8.351612091064453,0.1260560005903244,-1]"
39,1010,TWallAlt,319,,0,Circle,1,6.257541,6.509653,7.016113,7.268225,"[{""x"":6.383596897125244,""y"":7.142168998718262,""r"":0.1260560005903244}]","[1,6.383596897125244,7.142168998718262,0.1260560005903244,-1]"
40,1010,TWallAlt,320,,0,Circle,1,6.257541,6.509653,8.716889,8.969001,"[{""x"":6.383596897125244,""y"":8.842945098876953,""r"":0.1260560005903244}]","[1,6.383596897125244,8.842945098876953,0.1260560005903244,-1]"
41,1010,TWallAlt,321,,0,Circle,1,-0.750373,-0.498261,-10.017335,-9.765223,"[{""x"":-0.6243169903755188,""y"":-9.891279220581055,""r"":0.1260560005903244}]","[1,-0.6243169903755188,-9.891279220581055,0.1260560005903244,-1]"
42,1010,TWallAlt,322,,0,Circle,1,-0.750373,-0.498261,-9.259733,-9.007621,"[{""x"":-0.6243169903755188,""y"":-9.133676528930664,""r"":0.1260560005903244}]","[1,-0.6243169903755188,-9.133676528930664,0.1260560005903244,-1]"
43,1010,TWallAlt,323,,0,Circle,1,0.494959,0.747071,-10.016235,-9.764123,"[{""x"":0.6210150122642517,""y"":-9.890178680419922,""r"":0.1260560005903244}]","[1,0.6210150122642517,-9.890178680419922,0.1260560005903244,-1]"
44,1010,TWallAlt,324,,0,Circle,1,0.494959,0.747071,-9.256642,-9.004530,"[{""x"":0.6210150122642517,""y"":-9.130585670471191,""r"":0.1260560005903244}]","[1,0.6210150122642517,-9.130585670471191,0.1260560005903244,-1]"
45,1010,TWallAlt,325,,0,Circle,1,-5.433763,-5.158953,3.634943,3.909753,"[{""x"":-5.296358108520508,""y"":3.772347927093506,""r"":0.13740499317646027}]","[1,-5.296358108520508,3.772347927093506,0.13740499317646027,0.002724000019952655]"
46,1010,TWallAlt,326,,0,Circle,1,5.767829,5.949171,1.861794,2.043136,"[{""x"":5.858500003814697,""y"":1.9524650573730469,""r"":0.09067100286483765}]","[1,5.858500003814697,1.9524650573730469,0.09067100286483765,0.3711329996585846]"
47,1010,TWallAlt,327,,0,Circle,1,5.767829,5.949171,2.383588,2.564930,"[{""x"":5.858500003814697,""y"":2.4742588996887207,""r"":0.09067100286483765}]","[1,5.858500003814697,2.4742588996887207,0.09067100286483765,0.3711329996585846]"
48,1010,TWallAlt,328,,0,Circle,1,6.751337,6.932679,1.594279,1.775621,"[{""x"":6.842008113861084,""y"":1.6849499940872192,""r"":0.09067100286483765}]","[1,6.842008113861084,1.6849499940872192,0.09067100286483765,0.3711329996585846]"
49,1000,TWall,329,,4,Polygon,5,2.438560,6.368979,9.012223,11.733438,"[{""x"":2.568531036376953,""y"":11.733437538146973},{""x"":2.4385600090026855,""y"":11.717877388000488},{""x"":6.301907062530518,""y"":9.012223243713379},{""x"":6.368978977203369,""y"":9.089900970458984},{""x"":2.568531036376953,""y"":11.733437538146973}]","[5,2.568531036376953,11.733437538146973,2.4385600090026855,11.717877388000488,6.301907062530518,9.012223243713379,6.368978977203369,9.089900970458984,2.568531036376953,11.733437538146973,-1]"
50,1000,TWall,330,,4,Polygon,5,-5.371781,-2.439926,9.673834,11.733536,"[{""x"":-5.350633144378662,""y"":9.776041984558105},{""x"":-5.371780872344971,""y"":9.673833847045898},{""x"":-2.4399259090423584,""y"":11.725133895874023},{""x"":-2.58388090133667,""y"":11.733535766601562},{""x"":-5.350633144378662,""y"":9.776041984558105}]","[5,-5.350633144378662,9.776041984558105,-5.371780872344971,9.673833847045898,-2.4399259090423584,11.725133895874023,-2.58388090133667,11.733535766601562,-5.350633144378662,9.776041984558105,-1]"
51,1000,TWall,102,,9,Polygon,10,1.508607,3.712050,-0.732394,1.258216,"[{""x"":3.361501932144165,""y"":1.2582160234451294},{""x"":3.2989039421081543,""y"":1.245697021484375},{""x"":3.5492959022521973,""y"":0.4194050133228302},{""x"":2.3599369525909424,""y"":-0.39436599612236023},{""x"":1.6087640523910522,""y"":0.63223797082901},{""x"":1.508607029914856,""y"":0.5821599960327148},{""x"":2.0594680309295654,""y"":-0.18153400719165802},{""x"":2.510171890258789,""y"":-0.7323939800262451},{""x"":3.712049961090088,""y"":0.24413199722766876},{""x"":3.361501932144165,""y"":1.2582160234451294}]","[10,3.361501932144165,1.2582160234451294,3.2989039421081543,1.245697021484375,3.5492959022521973,0.4194050133228302,2.3599369525909424,-0.39436599612236023,1.6087640523910522,0.63223797082901,1.508607029914856,0.5821599960327148,2.0594680309295654,-0.18153400719165802,2.510171890258789,-0.7323939800262451,3.712049961090088,0.24413199722766876,3.361501932144165,1.2582160234451294,-1]"
52,1000,TWall,103,,61,Polygon,62,1.040356,7.645565,-2.052910,7.937126,"[{""x"":5.649534225463867,""y"":-2.052910089492798},{""x"":5.247671127319336,""y"":-2.0261199474334717},{""x"":4.475474834442139,""y"":-1.8774800300598145},{""x"":3.774172067642212,""y"":-1.570673942565918},{""x"":3.3804259300231934,""y"":-1.3787790536880493},{""x"":3.0240249633789062,""y"":-1.0884380340576172},{""x"":2.756117105484009,""y"":-0.874110996723175},{""x"":2.3542540073394775,""y"":-0.47224700450897217},{""x"":1.8184360265731812,""y"":0.14394399523735046},{""x"":1.5505260229110718,""y"":0.5458070039749146},{""x"":1.0403560400009155,""y"":1.3445149660110474},{""x"":3.174448013305664,""y"":2.087307929992676},{""x"":3.318726062774658,""y"":1.2423709630966187},{""x"":3.47947096824646,""y"":0.7065529823303223},{""x"":3.693798065185547,""y"":0.22431600093841553},{""x"":3.9349160194396973,""y"":-0.17754699289798737},{""x"":4.229616165161133,""y"":-0.525829017162323},{""x"":4.631478786468506,""y"":-0.8205289840698242},{""x"":5.140507221221924,""y"":-1.0348559617996216},{""x"":5.620175838470459,""y"":-1.1053529977798462},{""x"":5.9053168296813965,""y"":-1.0590720176696777},{""x"":6.185719013214111,""y"":-0.8931769728660583},{""x"":6.399679183959961,""y"":-0.6597830057144165},{""x"":6.480052947998047,""y"":-0.47224700450897217},{""x"":6.5068440437316895,""y"":-0.20433799922466278},{""x"":6.480052947998047,""y"":-0.04359300062060356},{""x"":6.394906997680664,""y"":0.1953350007534027},{""x"":6.2462639808654785,""y"":0.38288700580596924},{""x"":6.085512161254883,""y"":0.48011600971221924},{""x"":5.520371913909912,""y"":0.7138980031013489},{""x"":5.191508769989014,""y"":0.9722689986228943},{""x"":5.03334379196167,""y"":1.2155799865722656},{""x"":4.845808029174805,""y"":1.5906519889831543},{""x"":4.792224884033203,""y"":1.9121429920196533},{""x"":4.792224884033203,""y"":5.127050876617432},{""x"":4.845808029174805,""y"":5.448543071746826},{""x"":4.9529709815979,""y"":5.716452121734619},{""x"":5.2744622230529785,""y"":6.11831521987915},{""x"":5.381626129150391,""y"":6.359433174133301},{""x"":5.40313720703125,""y"":6.654132843017578},{""x"":5.408413887023926,""y"":7.511984825134277},{""x"":5.515583038330078,""y"":7.724547863006592},{""x"":5.676322937011719,""y"":7.891046047210693},{""x"":5.890649795532227,""y"":7.937126159667969},{""x"":6.131773948669434,""y"":7.858509063720703},{""x"":6.276490211486816,""y"":7.649212837219238},{""x"":6.340765953063965,""y"":7.44106388092041},{""x"":6.332820892333984,""y"":6.65138578414917},{""x"":6.362330913543701,""y"":6.364923000335693},{""x"":6.485612869262695,""y"":6.094021797180176},{""x"":6.731941223144531,""y"":5.762001037597656},{""x"":7.270486831665039,""y"":5.362652778625488},{""x"":7.474061965942383,""y"":5.100265979766846},{""x"":7.605269908905029,""y"":4.7787699699401855},{""x"":7.645565032958984,""y"":4.473308086395264},{""x"":7.6441521644592285,""y"":-0.04359300062060356},{""x"":7.568562030792236,""y"":-0.552619993686676},{""x"":7.361563205718994,""y"":-1.0689899921417236},{""x"":7.059539794921875,""y"":-1.4462560415267944},{""x"":6.640799045562744,""y"":-1.7850010395050049},{""x"":6.185351848602295,""y"":-1.9725379943847656},{""x"":5.649534225463867,""y"":-2.052910089492798}]","[62,5.649534225463867,-2.052910089492798,5.247671127319336,-2.0261199474334717,4.475474834442139,-1.8774800300598145,3.774172067642212,-1.570673942565918,3.3804259300231934,-1.3787790536880493,3.0240249633789062,-1.0884380340576172,2.756117105484009,-0.874110996723175,2.3542540073394775,-0.47224700450897217,1.8184360265731812,0.14394399523735046,1.5505260229110718,0.5458070039749146,1.0403560400009155,1.3445149660110474,3.174448013305664,2.087307929992676,3.318726062774658,1.2423709630966187,3.47947096824646,0.7065529823303223,3.693798065185547,0.22431600093841553,3.9349160194396973,-0.17754699289798737,4.229616165161133,-0.525829017162323,4.631478786468506,-0.8205289840698242,5.140507221221924,-1.0348559617996216,5.620175838470459,-1.1053529977798462,5.9053168296813965,-1.0590720176696777,6.185719013214111,-0.8931769728660583,6.399679183959961,-0.6597830057144165,6.480052947998047,-0.47224700450897217,6.5068440437316895,-0.20433799922466278,6.480052947998047,-0.04359300062060356,6.394906997680664,0.1953350007534027,6.2462639808654785,0.38288700580596924,6.085512161254883,0.48011600971221924,5.520371913909912,0.7138980031013489,5.191508769989014,0.9722689986228943,5.03334379196167,1.2155799865722656,4.845808029174805,1.5906519889831543,4.792224884033203,1.9121429920196533,4.792224884033203,5.127050876617432,4.845808029174805,5.448543071746826,4.9529709815979,5.716452121734619,5.2744622230529785,6.11831521987915,5.381626129150391,6.359433174133301,5.40313720703125,6.654132843017578,5.408413887023926,7.511984825134277,5.515583038330078,7.724547863006592,5.676322937011719,7.891046047210693,5.890649795532227,7.937126159667969,6.131773948669434,7.858509063720703,6.276490211486816,7.649212837219238,6.340765953063965,7.44106388092041,6.332820892333984,6.65138578414917,6.362330913543701,6.364923000335693,6.485612869262695,6.094021797180176,6.731941223144531,5.762001037597656,7.270486831665039,5.362652778625488,7.474061965942383,5.100265979766846,7.605269908905029,4.7787699699401855,7.645565032958984,4.473308086395264,7.6441521644592285,-0.04359300062060356,7.568562030792236,-0.552619993686676,7.361563205718994,-1.0689899921417236,7.059539794921875,-1.4462560415267944,6.640799045562744,-1.7850010395050049,6.185351848602295,-1.9725379943847656,5.649534225463867,-2.052910089492798,-1]"
53,1000,TWall,106,,4,Polygon,5,-6.477385,-2.961915,-11.096388,-0.578217,"[{""x"":-6.4773850440979,""y"":-0.5782259702682495},{""x"":-5.449154853820801,""y"":-0.5782170295715332},{""x"":-2.9619150161743164,""y"":-11.09638786315918},{""x"":-3.6651880741119385,""y"":-10.747626304626465},{""x"":-6.4773850440979,""y"":-0.5782259702682495}]","[5,-6.4773850440979,-0.5782259702682495,-5.449154853820801,-0.5782170295715332,-2.9619150161743164,-11.09638786315918,-3.6651880741119385,-10.747626304626465,-6.4773850440979,-0.5782259702682495,-5]"
54,1000,TWall,331,,4,Polygon,5,-2.695997,-1.989731,-9.491181,-8.792579,"[{""x"":-2.618994951248169,""y"":-9.491181373596191},{""x"":-1.989730954170227,""y"":-8.866690635681152},{""x"":-2.063304901123047,""y"":-8.79257869720459},{""x"":-2.6959969997406006,""y"":-9.416740417480469},{""x"":-2.618994951248169,""y"":-9.491181373596191}]","[5,-2.618994951248169,-9.491181373596191,-1.989730954170227,-8.866690635681152,-2.063304901123047,-8.79257869720459,-2.6959969997406006,-9.416740417480469,-2.618994951248169,-9.491181373596191,-1]"
55,1000,TWall,332,,3,Polygon,4,-3.174084,-2.620926,-8.760185,-8.117953,"[{""x"":-2.6209259033203125,""y"":-8.222602844238281},{""x"":-2.714689016342163,""y"":-8.117953300476074},{""x"":-3.174083948135376,""y"":-8.760185241699219},{""x"":-2.6209259033203125,""y"":-8.222602844238281}]","[4,-2.6209259033203125,-8.222602844238281,-2.714689016342163,-8.117953300476074,-3.174083948135376,-8.760185241699219,-2.6209259033203125,-8.222602844238281,-1]"
56,1000,TWall,333,,4,Polygon,5,3.192998,3.824484,-9.820802,-9.100439,"[{""x"":3.82448410987854,""y"":-9.759991645812988},{""x"":3.67012095451355,""y"":-9.21738052368164},{""x"":3.192997932434082,""y"":-9.100439071655273},{""x"":3.763674020767212,""y"":-9.820801734924316},{""x"":3.82448410987854,""y"":-9.759991645812988}]","[5,3.82448410987854,-9.759991645812988,3.67012095451355,-9.21738052368164,3.192997932434082,-9.100439071655273,3.763674020767212,-9.820801734924316,3.82448410987854,-9.759991645812988,-1]"
57,1000,TWall,334,,3,Polygon,4,2.533445,3.127510,-10.438255,-9.544819,"[{""x"":2.9450809955596924,""y"":-10.438255310058594},{""x"":3.1275100708007812,""y"":-10.311958312988281},{""x"":2.533444881439209,""y"":-9.544818878173828},{""x"":2.9450809955596924,""y"":-10.438255310058594}]","[4,2.9450809955596924,-10.438255310058594,3.1275100708007812,-10.311958312988281,2.533444881439209,-9.544818878173828,2.9450809955596924,-10.438255310058594,-1]"
58,1000,TWall,335,,4,Polygon,5,-4.726794,-4.077929,2.615427,3.402187,"[{""x"":-4.620872974395752,""y"":2.615427017211914},{""x"":-4.0779290199279785,""y"":3.3410630226135254},{""x"":-4.161798000335693,""y"":3.4021871089935303},{""x"":-4.7267937660217285,""y"":2.6922171115875244},{""x"":-4.620872974395752,""y"":2.615427017211914}]","[5,-4.620872974395752,2.615427017211914,-4.0779290199279785,3.3410630226135254,-4.161798000335693,3.4021871089935303,-4.7267937660217285,2.6922171115875244,-4.620872974395752,2.615427017211914,-1]"
59,1000,TWall,336,,4,Polygon,5,-5.292873,-4.789879,3.242394,3.957764,"[{""x"":-5.292872905731201,""y"":3.242393970489502},{""x"":-4.789878845214844,""y"":3.9018759727478027},{""x"":-4.873712062835693,""y"":3.957763910293579},{""x"":-5.264928817749023,""y"":3.745388984680176},{""x"":-5.292872905731201,""y"":3.242393970489502}]","[5,-5.292872905731201,3.242393970489502,-4.789878845214844,3.9018759727478027,-4.873712062835693,3.957763910293579,-5.264928817749023,3.745388984680176,-5.292872905731201,3.242393970489502,-1]"
60,1000,TWall,469,v_rebo1,4,Polygon,5,2.747055,4.189623,7.136119,10.178502,"[{""x"":3.8737759590148926,""y"":7.187479019165039},{""x"":4.18962287902832,""y"":7.1361188888549805},{""x"":2.9097089767456055,""y"":10.178502082824707},{""x"":2.7470550537109375,""y"":9.96418571472168},{""x"":3.8737759590148926,""y"":7.187479019165039}]","[5,3.8737759590148926,7.187479019165039,4.18962287902832,7.1361188888549805,2.9097089767456055,10.178502082824707,2.7470550537109375,9.96418571472168,3.8737759590148926,7.187479019165039,-1]"
61,1000,TWall,470,v_rebo2,4,Polygon,5,-4.189623,-2.747055,7.136119,10.178502,"[{""x"":-2.7470550537109375,""y"":9.96418571472168},{""x"":-2.9097089767456055,""y"":10.178502082824707},{""x"":-4.18962287902832,""y"":7.1361188888549805},{""x"":-3.8737759590148926,""y"":7.187479019165039},{""x"":-2.7470550537109375,""y"":9.96418571472168}]","[5,-2.7470550537109375,9.96418571472168,-2.9097089767456055,10.178502082824707,-4.18962287902832,7.1361188888549805,-3.8737759590148926,7.187479019165039,-2.7470550537109375,9.96418571472168,-1]"
62,1000,TWall,471,v_rebo3,6,Polygon,7,-4.266747,-3.043438,-4.922234,-2.563581,"[{""x"":-3.16336989402771,""y"":-2.5635809898376465},{""x"":-4.266746997833252,""y"":-4.866281032562256},{""x"":-3.9908881187438965,""y"":-4.922234058380127},{""x"":-3.787018060684204,""y"":-4.202654838562012},{""x"":-3.435215950012207,""y"":-3.4590749740600586},{""x"":-3.043437957763672,""y"":-2.6835129261016846},{""x"":-3.16336989402771,""y"":-2.5635809898376465}]","[7,-3.16336989402771,-2.5635809898376465,-4.266746997833252,-4.866281032562256,-3.9908881187438965,-4.922234058380127,-3.787018060684204,-4.202654838562012,-3.435215950012207,-3.4590749740600586,-3.043437957763672,-2.6835129261016846,-3.16336989402771,-2.5635809898376465,-1]"
63,1000,TWall,472,v_rebo4,5,Polygon,6,3.141225,5.521265,-3.246887,-1.748468,"[{""x"":5.521265029907227,""y"":-3.0562191009521484},{""x"":3.232882022857666,""y"":-1.748468041419983},{""x"":3.1412250995635986,""y"":-2.051151990890503},{""x"":4.927435874938965,""y"":-3.00121808052063},{""x"":5.383516788482666,""y"":-3.246886968612671},{""x"":5.521265029907227,""y"":-3.0562191009521484}]","[6,5.521265029907227,-3.0562191009521484,3.232882022857666,-1.748468041419983,3.1412250995635986,-2.051151990890503,4.927435874938965,-3.00121808052063,5.383516788482666,-3.246886968612671,5.521265029907227,-3.0562191009521484,0]"
64,1016,TOneway,345,s_onewy1,1,Line,2,-7.536032,-6.368508,4.232287,4.830731,"[{""x"":-7.536032199859619,""y"":4.2322869300842285},{""x"":-6.3685078620910645,""y"":4.83073091506958}]","[2,-7.536032199859619,4.2322869300842285,-6.3685078620910645,4.83073091506958,-1]"
65,1016,TOneway,346,s_onewy4,1,Line,2,-6.263090,-6.263090,3.554958,5.064444,"[{""x"":-6.263090133666992,""y"":3.5549581050872803},{""x"":-6.263090133666992,""y"":5.064444065093994}]","[2,-6.263090133666992,3.5549581050872803,-6.263090133666992,5.064444065093994,-1]"
66,1016,TOneway,347,s_onewy7,1,Line,2,-5.235100,-5.229421,3.916008,5.364433,"[{""x"":-5.229421138763428,""y"":3.9160079956054688},{""x"":-5.235099792480469,""y"":5.3644328117370605}]","[2,-5.229421138763428,3.9160079956054688,-5.235099792480469,5.3644328117370605,-1]"
67,1016,TOneway,348,s_onewy8,1,Line,2,-6.336556,-5.275284,4.848448,5.319603,"[{""x"":-6.3365559577941895,""y"":4.848447799682617},{""x"":-5.2752838134765625,""y"":5.319602966308594}]","[2,-6.3365559577941895,4.848447799682617,-5.2752838134765625,5.319602966308594,-1]"
68,1016,TOneway,349,s_onewy9,1,Line,2,2.625341,3.324727,-11.956454,-10.714686,"[{""x"":2.6253409385681152,""y"":-10.714686393737793},{""x"":3.3247270584106445,""y"":-11.956454277038574}]","[2,2.6253409385681152,-10.714686393737793,3.3247270584106445,-11.956454277038574,-1]"
69,1016,TOneway,350,s_onewy10,1,Line,2,-3.324988,-2.625601,-11.956454,-10.714686,"[{""x"":-3.3249878883361816,""y"":-11.956454277038574},{""x"":-2.625601053237915,""y"":-10.714686393737793}]","[2,-3.3249878883361816,-11.956454277038574,-2.625601053237915,-10.714686393737793,-1]"
70,1016,TOneway,351,s_onewy11,1,Line,2,-6.492623,-6.492159,-5.604876,-0.072489,"[{""x"":-6.4926228523254395,""y"":-0.07248900085687637},{""x"":-6.492158889770508,""y"":-5.6048760414123535}]","[2,-6.4926228523254395,-0.07248900085687637,-6.492158889770508,-5.6048760414123535,-1]"
71,1016,TOneway,352,s_onewy12,1,Line,2,6.117420,6.684728,-1.751842,-0.918833,"[{""x"":6.684728145599365,""y"":-1.7518420219421387},{""x"":6.117420196533203,""y"":-0.9188330173492432}]","[2,6.684728145599365,-1.7518420219421387,6.117420196533203,-0.9188330173492432,-1]"
72,1016,TOneway,353,s_onewy13,1,Line,2,6.408451,7.663972,-4.499189,-0.973824,"[{""x"":6.408451080322266,""y"":-0.9738240242004395},{""x"":7.663971900939941,""y"":-4.4991888999938965}]","[2,6.408451080322266,-0.9738240242004395,7.663971900939941,-4.4991888999938965,0]"
213,1001,TPlunger,473,plunger,1,Line,2,-8.002954,-6.384019,11.974978,11.974978,"[{""x"":-8.00295352935791,""y"":11.97497844696045},{""x"":-6.384018898010254,""y"":11.97497844696045}]","[2,-8.00295352935791,11.97497844696045,-6.384018898010254,11.97497844696045,-1]"
214,1007,TDrain,499,drain,1,Line,2,-10.391989,10.321410,14.437246,14.437246,"[{""x"":-10.391988754272461,""y"":14.437246322631836},{""x"":10.321410179138184,""y"":14.437246322631836}]","[2,-10.391988754272461,14.437246322631836,10.321410179138184,14.437246322631836,0]"
217,1006,TPopupTarget,432,a_targ1,4,Polygon,5,-4.242040,-4.157959,0.706708,1.222888,"[{""x"":-4.242040157318115,""y"":0.706732988357544},{""x"":-4.157958984375,""y"":0.7067080140113831},{""x"":-4.157958984375,""y"":1.222862958908081},{""x"":-4.242040157318115,""y"":1.2228879928588867},{""x"":-4.242040157318115,""y"":0.706732988357544}]","[5,-4.242040157318115,0.706732988357544,-4.157958984375,0.7067080140113831,-4.157958984375,1.222862958908081,-4.242040157318115,1.2228879928588867,-4.242040157318115,0.706732988357544,-0.9999960064888]"
218,1006,TPopupTarget,433,a_targ2,4,Polygon,5,-4.242040,-4.157959,1.408051,1.924231,"[{""x"":-4.242040157318115,""y"":1.4080760478973389},{""x"":-4.157958984375,""y"":1.4080510139465332},{""x"":-4.157958984375,""y"":1.92420494556427},{""x"":-4.242040157318115,""y"":1.9242310523986816},{""x"":-4.242040157318115,""y"":1.4080760478973389}]","[5,-4.242040157318115,1.4080760478973389,-4.157958984375,1.4080510139465332,-4.157958984375,1.92420494556427,-4.242040157318115,1.9242310523986816,-4.242040157318115,1.4080760478973389,-0.9999960064888]"
219,1006,TPopupTarget,434,a_targ3,4,Polygon,5,-4.242040,-4.157959,2.106707,2.622887,"[{""x"":-4.242040157318115,""y"":2.10673189163208},{""x"":-4.157958984375,""y"":2.1067070960998535},{""x"":-4.157958984375,""y"":2.6228621006011963},{""x"":-4.242040157318115,""y"":2.622886896133423},{""x"":-4.242040157318115,""y"":2.10673189163208}]","[5,-4.242040157318115,2.10673189163208,-4.157958984375,2.1067070960998535,-4.157958984375,2.6228621006011963,-4.242040157318115,2.622886896133423,-4.242040157318115,2.10673189163208,-0.9999960064888]"
220,1006,TPopupTarget,435,a_targ4,4,Polygon,5,0.796983,1.312133,-2.878328,-2.629339,"[{""x"":1.2844840288162231,""y"":-2.8783280849456787},{""x"":1.3121329545974731,""y"":-2.7989230155944824},{""x"":0.8246319890022278,""y"":-2.6293389797210693},{""x"":0.796983003616333,""y"":-2.708743095397949},{""x"":1.2844840288162231,""y"":-2.8783280849456787}]","[5,1.2844840288162231,-2.8783280849456787,1.3121329545974731,-2.7989230155944824,0.8246319890022278,-2.6293389797210693,0.796983003616333,-2.708743095397949,1.2844840288162231,-2.8783280849456787,-0.9999960064888]"
221,1006,TPopupTarget,436,a_targ5,4,Polygon,5,0.134575,0.649725,-2.647900,-2.398911,"[{""x"":0.6220759749412537,""y"":-2.647900104522705},{""x"":0.6497250199317932,""y"":-2.568495035171509},{""x"":0.16222399473190308,""y"":-2.3989109992980957},{""x"":0.1345749944448471,""y"":-2.4783151149749756},{""x"":0.6220759749412537,""y"":-2.647900104522705}]","[5,0.6220759749412537,-2.647900104522705,0.6497250199317932,-2.568495035171509,0.16222399473190308,-2.3989109992980957,0.1345749944448471,-2.4783151149749756,0.6220759749412537,-2.647900104522705,-0.9999960064888]"
222,1006,TPopupTarget,437,a_targ6,4,Polygon,5,-0.525297,-0.010147,-2.418355,-2.169365,"[{""x"":-0.03779599815607071,""y"":-2.4183549880981445},{""x"":-0.01014699973165989,""y"":-2.3389499187469482},{""x"":-0.4976480007171631,""y"":-2.1693649291992188},{""x"":-0.5252969861030579,""y"":-2.248769998550415},{""x"":-0.03779599815607071,""y"":-2.4183549880981445}]","[5,-0.03779599815607071,-2.4183549880981445,-0.01014699973165989,-2.3389499187469482,-0.4976480007171631,-2.1693649291992188,-0.5252969861030579,-2.248769998550415,-0.03779599815607071,-2.4183549880981445,-0.9999960064888]"
223,1006,TPopupTarget,438,a_targ7,4,Polygon,5,2.886917,3.369175,-8.197972,-7.853134,"[{""x"":3.3691749572753906,""y"":-7.92445182800293},{""x"":3.324640989303589,""y"":-7.8531341552734375},{""x"":2.8869171142578125,""y"":-8.126653671264648},{""x"":2.9314510822296143,""y"":-8.197972297668457},{""x"":3.3691749572753906,""y"":-7.92445182800293}]","[5,3.3691749572753906,-7.92445182800293,3.324640989303589,-7.8531341552734375,2.8869171142578125,-8.126653671264648,2.9314510822296143,-8.197972297668457,3.3691749572753906,-7.92445182800293,-0.9999960064888]"
224,1006,TPopupTarget,439,a_targ8,4,Polygon,5,2.292144,2.774403,-8.569625,-8.224786,"[{""x"":2.7744030952453613,""y"":-8.296104431152344},{""x"":2.729867935180664,""y"":-8.224785804748535},{""x"":2.2921440601348877,""y"":-8.498306274414062},{""x"":2.336678981781006,""y"":-8.569624900817871},{""x"":2.7744030952453613,""y"":-8.296104431152344}]","[5,2.7744030952453613,-8.296104431152344,2.729867935180664,-8.224785804748535,2.2921440601348877,-8.498306274414062,2.336678981781006,-8.569624900817871,2.7744030952453613,-8.296104431152344,-0.9999960064888]"
225,1006,TPopupTarget,440,a_targ9,4,Polygon,5,1.699650,2.181909,-8.939855,-8.595016,"[{""x"":2.1819090843200684,""y"":-8.66633415222168},{""x"":2.137373924255371,""y"":-8.595015525817871},{""x"":1.6996500492095947,""y"":-8.868535995483398},{""x"":1.744184970855713,""y"":-8.939854621887207},{""x"":2.1819090843200684,""y"":-8.66633415222168}]","[5,2.1819090843200684,-8.66633415222168,2.137373924255371,-8.595015525817871,1.6996500492095947,-8.868535995483398,1.744184970855713,-8.939854621887207,2.1819090843200684,-8.66633415222168,-0.9999960064888]"
226,1005,TBumper,372,a_bump1,0,Circle,1,-0.342001,0.358001,-4.070001,-3.369999,"[{""x"":0.00800000037997961,""y"":-3.7200000286102295,""r"":0.3500010073184967}]","[1,0.00800000037997961,-3.7200000286102295,0.3500010073184967,-1.0000020265579224]"
227,1005,TBumper,380,a_bump2,0,Circle,1,-1.727521,-1.027519,-6.968032,-6.268030,"[{""x"":-1.377519965171814,""y"":-6.618031024932861,""r"":0.3500010073184967}]","[1,-1.377519965171814,-6.618031024932861,0.3500010073184967,-1.0000020265579224]"
228,1005,TBumper,388,a_bump3,0,Circle,1,0.901056,1.601058,-6.310479,-5.610477,"[{""x"":1.2510570287704468,""y"":-5.960477828979492,""r"":0.3500010073184967}]","[1,1.2510570287704468,-5.960477828979492,0.3500010073184967,-1.0000020265579224]"
229,1005,TBumper,396,a_bump4,0,Circle,1,5.419449,6.119453,-11.305121,-10.605117,"[{""x"":5.769451141357422,""y"":-10.955119132995605,""r"":0.3500019907951355}]","[1,5.769451141357422,-10.955119132995605,0.3500019907951355,-1.0000020265579224]"
230,1005,TBumper,405,a_bump5,0,Circle,1,5.030000,5.530002,3.749999,4.250001,"[{""x"":5.280001163482666,""y"":4,""r"":0.2500010132789612}]","[1,5.280001163482666,4,0.2500010132789612,-0.8150020241737366]"
231,1005,TBumper,413,a_bump6,0,Circle,1,6.889999,7.390001,3.249999,3.750001,"[{""x"":7.139999866485596,""y"":3.5,""r"":0.2500010132789612}]","[1,7.139999866485596,3.5,0.2500010132789612,-0.8150020241737366]"
232,1005,TBumper,421,a_bump7,0,Circle,1,6.201293,6.701295,4.657898,5.157900,"[{""x"":6.4512939453125,""y"":4.907898902893066,""r"":0.2500010132789612}]","[1,6.4512939453125,4.907898902893066,0.2500010132789612,-0.8150010108947754]"
233,1011,TBlocker,500,v_bloc1,0,Circle,1,-0.174998,0.175002,13.075000,13.425000,"[{""x"":0.0000019999999949504854,""y"":13.25,""r"":0.17499999701976776}]","[1,0.0000019999999949504854,13.25,0.17499999701976776,-1]"
234,1014,TKickback,505,a_kick1,1,Line,2,6.356410,7.655396,11.760745,11.760745,"[{""x"":6.356410026550293,""y"":11.76074504852295},{""x"":7.655395984649658,""y"":11.76074504852295}]","[2,6.356410026550293,11.76074504852295,7.655395984649658,11.76074504852295,-1]"
235,1014,TKickback,507,a_kick2,1,Line,2,-6.366686,-5.167749,11.769259,11.769259,"[{""x"":-6.36668586730957,""y"":11.769259452819824},{""x"":-5.167748928070068,""y"":11.769259452819824}]","[2,-6.36668586730957,11.769259452819824,-5.167748928070068,11.769259452819824,-1]"
236,1015,TRollover,520,a_roll1,4,Polygon,5,0.794653,1.705351,-9.839479,-9.160521,"[{""x"":1.7053489685058594,""y"":-9.160520553588867},{""x"":0.7946529984474182,""y"":-9.160520553588867},{""x"":0.7946540117263794,""y"":-9.839479446411133},{""x"":1.7053509950637817,""y"":-9.839479446411133},{""x"":1.7053489685058594,""y"":-9.160520553588867}]","[5,1.7053489685058594,-9.160520553588867,0.7946529984474182,-9.160520553588867,0.7946540117263794,-9.839479446411133,1.7053509950637817,-9.839479446411133,1.7053489685058594,-9.160520553588867,-1]"
237,1015,TRollover,521,a_roll2,4,Polygon,5,-0.460989,0.460993,-9.830348,-9.169652,"[{""x"":0.4609909951686859,""y"":-9.169651985168457},{""x"":-0.46098899841308594,""y"":-9.169652938842773},{""x"":-0.46098700165748596,""y"":-9.830348014831543},{""x"":0.4609929919242859,""y"":-9.830347061157227},{""x"":0.4609909951686859,""y"":-9.169651985168457}]","[5,0.4609909951686859,-9.169651985168457,-0.46098899841308594,-9.169652938842773,-0.46098700165748596,-9.830348014831543,0.4609929919242859,-9.830347061157227,0.4609909951686859,-9.169651985168457,-1]"
238,1015,TRollover,522,a_roll3,4,Polygon,5,-1.670391,-0.829605,-9.848061,-9.151939,"[{""x"":-0.8296070098876953,""y"":-9.151939392089844},{""x"":-1.6703909635543823,""y"":-9.151939392089844},{""x"":-1.670390009880066,""y"":-9.848060607910156},{""x"":-0.829604983329773,""y"":-9.848060607910156},{""x"":-0.8296070098876953,""y"":-9.151939392089844}]","[5,-0.8296070098876953,-9.151939392089844,-1.6703909635543823,-9.151939392089844,-1.670390009880066,-9.848060607910156,-0.829604983329773,-9.848060607910156,-0.8296070098876953,-9.151939392089844,-1]"
239,1015,TRollover,523,a_roll4,4,Polygon,5,6.562380,7.437624,7.660699,8.339301,"[{""x"":7.4376220703125,""y"":8.339301109313965},{""x"":6.562379837036133,""y"":8.339301109313965},{""x"":6.562382221221924,""y"":7.660698890686035},{""x"":7.437623977661133,""y"":7.660698890686035},{""x"":7.4376220703125,""y"":8.339301109313965}]","[5,7.4376220703125,8.339301109313965,6.562379837036133,8.339301109313965,6.562382221221924,7.660698890686035,7.437623977661133,7.660698890686035,7.4376220703125,8.339301109313965,-1]"
240,1015,TRollover,524,a_roll5,4,Polygon,5,5.496316,6.203683,7.695330,8.304670,"[{""x"":6.203681945800781,""y"":8.304670333862305},{""x"":5.496315956115723,""y"":8.304670333862305},{""x"":5.4963178634643555,""y"":7.6953301429748535},{""x"":6.203682899475098,""y"":7.6953301429748535},{""x"":6.203681945800781,""y"":8.304670333862305}]","[5,6.203681945800781,8.304670333862305,5.496315956115723,8.304670333862305,5.4963178634643555,7.6953301429748535,6.203682899475098,7.6953301429748535,6.203681945800781,8.304670333862305,-1]"
241,1015,TRollover,525,a_roll6,4,Polygon,5,4.326563,5.173437,7.648336,8.351664,"[{""x"":5.173436164855957,""y"":8.351663589477539},{""x"":4.326562881469727,""y"":8.351663589477539},{""x"":4.326563835144043,""y"":7.648335933685303},{""x"":5.173437118530273,""y"":7.648335933685303},{""x"":5.173436164855957,""y"":8.351663589477539}]","[5,5.173436164855957,8.351663589477539,4.326562881469727,8.351663589477539,4.326563835144043,7.648335933685303,5.173437118530273,7.648335933685303,5.173436164855957,8.351663589477539,-1]"
242,1015,TRollover,526,a_roll7,4,Polygon,5,-5.155318,-4.344682,7.645243,8.354757,"[{""x"":-4.34468412399292,""y"":8.354757308959961},{""x"":-5.155317783355713,""y"":8.354757308959961},{""x"":-5.15531587600708,""y"":7.645243167877197},{""x"":-4.344682216644287,""y"":7.645243167877197},{""x"":-4.34468412399292,""y"":8.354757308959961}]","[5,-4.34468412399292,8.354757308959961,-5.155317783355713,8.354757308959961,-5.15531587600708,7.645243167877197,-4.344682216644287,7.645243167877197,-4.34468412399292,8.354757308959961,-1]"
243,1015,TRollover,527,a_roll8,4,Polygon,5,-6.207508,-5.492492,7.653177,8.346823,"[{""x"":-5.492493152618408,""y"":8.346822738647461},{""x"":-6.207508087158203,""y"":8.346822738647461},{""x"":-6.207507133483887,""y"":7.653176784515381},{""x"":-5.492492198944092,""y"":7.653176784515381},{""x"":-5.492493152618408,""y"":8.346822738647461}]","[5,-5.492493152618408,8.346822738647461,-6.207508087158203,8.346822738647461,-6.207507133483887,7.653176784515381,-5.492492198944092,7.653176784515381,-5.492493152618408,8.346822738647461,-1]"
244,1015,TRollover,528,a_roll110,4,Polygon,5,7.007792,7.527239,1.603878,2.091553,"[{""x"":7.527237892150879,""y"":2.091552972793579},{""x"":7.007791996002197,""y"":2.091552972793579},{""x"":7.007791996002197,""y"":1.6038780212402344},{""x"":7.527238845825195,""y"":1.6038780212402344},{""x"":7.527237892150879,""y"":2.091552972793579}]","[5,7.527237892150879,2.091552972793579,7.007791996002197,2.091552972793579,7.007791996002197,1.6038780212402344,7.527238845825195,1.6038780212402344,7.527237892150879,2.091552972793579,0.3596310019493103]"
245,1015,TRollover,529,a_roll111,4,Polygon,5,5.974231,6.664454,1.856272,2.334453,"[{""x"":6.664452075958252,""y"":2.3344531059265137},{""x"":5.974230766296387,""y"":2.334451913833618},{""x"":5.974232196807861,""y"":1.8562719821929932},{""x"":6.664453983306885,""y"":1.8562719821929932},{""x"":6.664452075958252,""y"":2.3344531059265137}]","[5,6.664452075958252,2.3344531059265137,5.974230766296387,2.334451913833618,5.974232196807861,1.8562719821929932,6.664453983306885,1.8562719821929932,6.664452075958252,2.3344531059265137,0.36000001430511475]"
246,1015,TRollover,530,a_roll112,4,Polygon,5,5.016828,5.694304,2.148826,2.632396,"[{""x"":5.694303035736084,""y"":2.6323959827423096},{""x"":5.0168280601501465,""y"":2.6323959827423096},{""x"":5.016829013824463,""y"":2.1488258838653564},{""x"":5.6943039894104,""y"":2.148827075958252},{""x"":5.694303035736084,""y"":2.6323959827423096}]","[5,5.694303035736084,2.6323959827423096,5.0168280601501465,2.6323959827423096,5.016829013824463,2.1488258838653564,5.6943039894104,2.148827075958252,5.694303035736084,2.6323959827423096,0.36000001430511475]"
247,1024,TTripwire,515,s_trip1,1,Line,2,-7.557642,-6.473066,1.215645,1.831138,"[{""x"":-6.4730658531188965,""y"":1.831138014793396},{""x"":-7.557641983032227,""y"":1.2156449556350708}]","[2,-6.4730658531188965,1.831138014793396,-7.557641983032227,1.2156449556350708,-1]"
248,1024,TTripwire,516,s_trip2,1,Line,2,-7.560054,-6.467413,-2.075779,-1.474718,"[{""x"":-6.467412948608398,""y"":-1.4747179746627808},{""x"":-7.560053825378418,""y"":-2.0757789611816406}]","[2,-6.467412948608398,-1.4747179746627808,-7.560053825378418,-2.0757789611816406,-1]"
249,1024,TTripwire,517,s_trip3,1,Line,2,-7.556713,-6.475211,-5.400844,-4.779966,"[{""x"":-6.475211143493652,""y"":-4.779965877532959},{""x"":-7.556713104248047,""y"":-5.400844097137451}]","[2,-6.475211143493652,-4.779965877532959,-7.556713104248047,-5.400844097137451,-1]"
250,1024,TTripwire,518,s_trip4,1,Line,2,-6.794410,-5.952257,-8.224545,-7.304808,"[{""x"":-5.95225715637207,""y"":-7.304808139801025},{""x"":-6.794410228729248,""y"":-8.224544525146484}]","[2,-5.95225715637207,-7.304808139801025,-6.794410228729248,-8.224544525146484,-1]"
251,1024,TTripwire,519,s_trip5,1,Line,2,-5.159377,-4.515531,-10.545896,-9.477907,"[{""x"":-4.515531063079834,""y"":-9.477907180786133},{""x"":-5.159377098083496,""y"":-10.54589557647705}]","[2,-4.515531063079834,-9.477907180786133,-5.159377098083496,-10.54589557647705,-1]"
252,1020,TLightRollover,537,a_roll9,6,Polygon,7,4.698180,5.407281,-7.597506,-6.791915,"[{""x"":4.698180198669434,""y"":-7.002739906311035},{""x"":4.709074020385742,""y"":-7.40553617477417},{""x"":5.063624858856201,""y"":-7.597506046295166},{""x"":5.407280921936035,""y"":-7.386681079864502},{""x"":5.396387100219727,""y"":-6.983884811401367},{""x"":5.041835784912109,""y"":-6.791914939880371},{""x"":4.698180198669434,""y"":-7.002739906311035}]","[7,4.698180198669434,-7.002739906311035,4.709074020385742,-7.40553617477417,5.063624858856201,-7.597506046295166,5.407280921936035,-7.386681079864502,5.396387100219727,-6.983884811401367,5.041835784912109,-6.791914939880371,4.698180198669434,-7.002739906311035,-1]"
253,1015,TRollover,531,a_roll179,4,Polygon,5,3.244249,5.298720,0.848427,2.060959,"[{""x"":5.298719882965088,""y"":1.6095019578933716},{""x"":4.946743965148926,""y"":2.0609591007232666},{""x"":3.244249105453491,""y"":1.2856160402297974},{""x"":3.571363925933838,""y"":0.8484269976615906},{""x"":5.298719882965088,""y"":1.6095019578933716}]","[5,5.298719882965088,1.6095019578933716,4.946743965148926,2.0609591007232666,3.244249105453491,1.2856160402297974,3.571363925933838,0.8484269976615906,5.298719882965088,1.6095019578933716,-0.9940000176429749]"
254,1015,TRollover,532,a_roll180,4,Polygon,5,4.114841,5.716518,-0.163294,1.162493,"[{""x"":5.716517925262451,""y"":0.6421369910240173},{""x"":5.410181045532227,""y"":1.1624929904937744},{""x"":4.114840984344482,""y"":0.3401919901371002},{""x"":4.400650978088379,""y"":-0.1632940024137497},{""x"":5.716517925262451,""y"":0.6421369910240173}]","[5,5.716517925262451,0.6421369910240173,5.410181045532227,1.1624929904937744,4.114840984344482,0.3401919901371002,4.400650978088379,-0.1632940024137497,5.716517925262451,0.6421369910240173,-0.9940000176429749]"
255,1015,TRollover,533,a_roll181,4,Polygon,5,4.787576,6.293731,-1.112488,0.242826,"[{""x"":6.293731212615967,""y"":-0.3593190014362335},{""x"":5.975934982299805,""y"":0.24282599985599518},{""x"":4.787576198577881,""y"":-0.5309240221977234},{""x"":5.0850019454956055,""y"":-1.112488031387329},{""x"":6.293731212615967,""y"":-0.3593190014362335}]","[5,6.293731212615967,-0.3593190014362335,5.975934982299805,0.24282599985599518,4.787576198577881,-0.5309240221977234,5.0850019454956055,-1.112488031387329,6.293731212615967,-0.3593190014362335,-0.9940000176429749]"
256,1015,TRollover,534,a_roll182,4,Polygon,5,5.432468,6.728972,-1.875902,-0.904035,"[{""x"":6.7289719581604,""y"":-1.3735450506210327},{""x"":6.446019172668457,""y"":-0.9040349721908569},{""x"":5.432467937469482,""y"":-1.422942042350769},{""x"":5.697549819946289,""y"":-1.8759020566940308},{""x"":6.7289719581604,""y"":-1.3735450506210327}]","[5,6.7289719581604,-1.3735450506210327,6.446019172668457,-0.9040349721908569,5.432467937469482,-1.422942042350769,5.697549819946289,-1.8759020566940308,6.7289719581604,-1.3735450506210327,-0.9940000176429749]"
257,1015,TRollover,535,a_roll183,4,Polygon,5,5.832143,7.227558,-2.791297,-2.049177,"[{""x"":7.227558135986328,""y"":-2.512394905090332},{""x"":6.949278831481934,""y"":-2.0491769313812256},{""x"":5.8321428298950195,""y"":-2.345689058303833},{""x"":6.092129230499268,""y"":-2.79129695892334},{""x"":7.227558135986328,""y"":-2.512394905090332}]","[5,7.227558135986328,-2.512394905090332,6.949278831481934,-2.0491769313812256,5.8321428298950195,-2.345689058303833,6.092129230499268,-2.79129695892334,7.227558135986328,-2.512394905090332,-0.9940000176429749]"
258,1015,TRollover,536,a_roll184,4,Polygon,5,6.263735,7.416503,-3.759464,-3.042141,"[{""x"":7.416502952575684,""y"":-3.5288870334625244},{""x"":7.225689888000488,""y"":-3.0421409606933594},{""x"":6.263734817504883,""y"":-3.291593074798584},{""x"":6.440837860107422,""y"":-3.7594640254974365},{""x"":7.416502952575684,""y"":-3.5288870334625244}]","[5,7.416502952575684,-3.5288870334625244,7.225689888000488,-3.0421409606933594,6.263734817504883,-3.291593074798584,6.440837860107422,-3.7594640254974365,7.416502952575684,-3.5288870334625244,-0.9940000176429749]"
259,1029,TKickoutKicker,510,a_kout1,0,Circle,1,-3.200000,3.200000,2.800000,9.200000,"[{""x"":0,""y"":6,""r"":3.200000047683716}]","[1,0,6,3.200000047683716]"
260,1012,TKickoutHole,512,a_kout2,0,Circle,1,-3.681974,-2.856922,-9.905608,-9.080556,"[{""x"":-3.2694480419158936,""y"":-9.493082046508789,""r"":0.41252601146698}]","[1,-3.2694480419158936,-9.493082046508789,0.41252601146698,-1]"
261,1012,TKickoutHole,514,a_kout3,0,Circle,1,3.519715,4.344767,-0.683060,0.141992,"[{""x"":3.9322409629821777,""y"":-0.2705340087413788,""r"":0.41252601146698}]","[1,3.9322409629821777,-0.2705340087413788,0.41252601146698,-1]"
262,1017,TSink,338,v_sink1,1,Line,2,-3.155916,-2.484527,-9.321020,-8.618178,"[{""x"":-2.484527111053467,""y"":-9.321020126342773},{""x"":-3.1559159755706787,""y"":-8.618178367614746}]","[2,-2.484527111053467,-9.321020126342773,-3.1559159755706787,-8.618178367614746,-1]"
263,1017,TSink,340,v_sink2,1,Line,2,2.612966,3.398816,-9.774025,-9.147216,"[{""x"":2.6129660606384277,""y"":-9.774024963378906},{""x"":3.3988161087036133,""y"":-9.147215843200684}]","[2,2.6129660606384277,-9.774024963378906,3.3988161087036133,-9.147215843200684,-1]"
264,1017,TSink,342,v_sink3,1,Line,2,-5.305239,-4.568443,2.732776,3.366717,"[{""x"":-4.5684428215026855,""y"":2.732775926589966},{""x"":-5.305239200592041,""y"":3.3667171001434326}]","[2,-4.5684428215026855,2.732775926589966,-5.305239200592041,3.3667171001434326,-1]"
265,1017,TSink,344,v_sink7,1,Line,2,-6.344738,-5.372761,3.098372,3.100774,"[{""x"":-5.372760772705078,""y"":3.098371982574463},{""x"":-6.344738006591797,""y"":3.100774049758911}]","[2,-5.372760772705078,3.098371982574463,-6.344738006591797,3.100774049758911,-0.9999989867210388]"
266,1013,TGate,501,v_gate1,1,Line,2,6.433412,7.605177,9.725221,10.528717,"[{""x"":6.433412075042725,""y"":10.528717041015625},{""x"":7.60517692565918,""y"":9.725220680236816}]","[2,6.433412075042725,10.528717041015625,7.60517692565918,9.725220680236816,-1]"
267,1013,TGate,502,v_gate2,1,Line,2,-6.298658,-5.213938,10.672674,11.435996,"[{""x"":-6.2986578941345215,""y"":10.672674179077148},{""x"":-5.213938236236572,""y"":11.435996055603027}]","[2,-6.2986578941345215,10.672674179077148,-5.213938236236572,11.435996055603027,-1]"
268,1018,TFlagSpinner,481,a_flag1,1,Line,2,6.506390,7.507949,-4.739264,-4.739264,"[{""x"":6.50639009475708,""y"":-4.739264011383057},{""x"":7.507948875427246,""y"":-4.739264011383057}]","[2,6.50639009475708,-4.739264011383057,7.507948875427246,-4.739264011383057,-1]"
269,1018,TFlagSpinner,489,a_flag2,1,Line,2,-5.342317,-3.954057,-2.892716,-2.076517,"[{""x"":-5.3423171043396,""y"":-2.076517105102539},{""x"":-3.954056978225708,""y"":-2.8927159309387207}]","[2,-5.3423171043396,-2.076517105102539,-3.954056978225708,-2.8927159309387207,-1]"
270,1019,TSoloTarget,442,a_targ10,4,Polygon,5,7.349141,7.426752,-11.283693,-10.735580,"[{""x"":7.42189884185791,""y"":-10.735580444335938},{""x"":7.3491411209106445,""y"":-10.740416526794434},{""x"":7.3491411209106445,""y"":-11.283693313598633},{""x"":7.426752090454102,""y"":-11.283693313598633},{""x"":7.42189884185791,""y"":-10.735580444335938}]","[5,7.42189884185791,-10.735580444335938,7.3491411209106445,-10.740416526794434,7.3491411209106445,-11.283693313598633,7.426752090454102,-11.283693313598633,7.42189884185791,-10.735580444335938,-1]"
271,1019,TSoloTarget,444,a_targ11,4,Polygon,5,5.249429,5.797551,-12.936660,-12.859049,"[{""x"":5.797551155090332,""y"":-12.932883262634277},{""x"":5.7928571701049805,""y"":-12.860115051269531},{""x"":5.249581813812256,""y"":-12.859048843383789},{""x"":5.249429225921631,""y"":-12.936659812927246},{""x"":5.797551155090332,""y"":-12.932883262634277}]","[5,5.797551155090332,-12.932883262634277,5.7928571701049805,-12.860115051269531,5.249581813812256,-12.859048843383789,5.249429225921631,-12.936659812927246,5.797551155090332,-12.932883262634277,-1]"
272,1019,TSoloTarget,446,a_targ12,4,Polygon,5,3.838892,4.258523,-12.452173,-11.994775,"[{""x"":4.207457065582275,""y"":-12.452173233032227},{""x"":4.258522987365723,""y"":-12.40011978149414},{""x"":3.896799087524414,""y"":-11.99477481842041},{""x"":3.8388919830322266,""y"":-12.046449661254883},{""x"":4.207457065582275,""y"":-12.452173233032227}]","[5,4.207457065582275,-12.452173233032227,4.258522987365723,-12.40011978149414,3.896799087524414,-11.99477481842041,3.8388919830322266,-12.046449661254883,4.207457065582275,-12.452173233032227,-1]"
273,1019,TSoloTarget,448,a_targ13,4,Polygon,5,4.553364,4.641869,2.980716,3.528741,"[{""x"":4.553363800048828,""y"":2.9807159900665283},{""x"":4.626232147216797,""y"":2.9834558963775635},{""x"":4.641869068145752,""y"":3.5265069007873535},{""x"":4.5642900466918945,""y"":3.528740882873535},{""x"":4.553363800048828,""y"":2.9807159900665283}]","[5,4.553363800048828,2.9807159900665283,4.626232147216797,2.9834558963775635,4.641869068145752,3.5265069007873535,4.5642900466918945,3.528740882873535,4.553363800048828,2.9807159900665283,-1]"
274,1019,TSoloTarget,450,a_targ14,4,Polygon,5,4.553364,4.641869,3.634841,4.182867,"[{""x"":4.553363800048828,""y"":3.634840965270996},{""x"":4.626232147216797,""y"":3.6375820636749268},{""x"":4.641869068145752,""y"":4.180633068084717},{""x"":4.5642900466918945,""y"":4.182867050170898},{""x"":4.553363800048828,""y"":3.634840965270996}]","[5,4.553363800048828,3.634840965270996,4.626232147216797,3.6375820636749268,4.641869068145752,4.180633068084717,4.5642900466918945,4.182867050170898,4.553363800048828,3.634840965270996,-1]"
275,1019,TSoloTarget,452,a_targ15,4,Polygon,5,4.553364,4.641869,4.275885,4.823910,"[{""x"":4.553363800048828,""y"":4.275885105133057},{""x"":4.626232147216797,""y"":4.278625011444092},{""x"":4.641869068145752,""y"":4.821675777435303},{""x"":4.5642900466918945,""y"":4.823910236358643},{""x"":4.553363800048828,""y"":4.275885105133057}]","[5,4.553363800048828,4.275885105133057,4.626232147216797,4.278625011444092,4.641869068145752,4.821675777435303,4.5642900466918945,4.823910236358643,4.553363800048828,4.275885105133057,-1]"
276,1019,TSoloTarget,454,a_targ16,4,Polygon,5,5.861614,5.950119,-5.692998,-5.144973,"[{""x"":5.861614227294922,""y"":-5.692997932434082},{""x"":5.934482097625732,""y"":-5.690258026123047},{""x"":5.9501190185546875,""y"":-5.147206783294678},{""x"":5.87253999710083,""y"":-5.144972801208496},{""x"":5.861614227294922,""y"":-5.692997932434082}]","[5,5.861614227294922,-5.692997932434082,5.934482097625732,-5.690258026123047,5.9501190185546875,-5.147206783294678,5.87253999710083,-5.144972801208496,5.861614227294922,-5.692997932434082,-1]"
277,1019,TSoloTarget,456,a_targ17,4,Polygon,5,5.775224,5.928021,-4.898884,-4.345982,"[{""x"":5.856654167175293,""y"":-4.898883819580078},{""x"":5.92802095413208,""y"":-4.8839240074157715},{""x"":5.8520731925964355,""y"":-4.345982074737549},{""x"":5.775224208831787,""y"":-4.356832027435303},{""x"":5.856654167175293,""y"":-4.898883819580078}]","[5,5.856654167175293,-4.898883819580078,5.92802095413208,-4.8839240074157715,5.8520731925964355,-4.345982074737549,5.775224208831787,-4.356832027435303,5.856654167175293,-4.898883819580078,-1]"
278,1019,TSoloTarget,458,a_targ18,4,Polygon,5,5.496811,5.816525,-4.123814,-3.604042,"[{""x"":5.754220962524414,""y"":-4.123814105987549},{""x"":5.816524982452393,""y"":-4.085926055908203},{""x"":5.565650939941406,""y"":-3.6040420532226562},{""x"":5.4968109130859375,""y"":-3.639880895614624},{""x"":5.754220962524414,""y"":-4.123814105987549}]","[5,5.754220962524414,-4.123814105987549,5.816524982452393,-4.085926055908203,5.565650939941406,-3.6040420532226562,5.4968109130859375,-3.639880895614624,5.754220962524414,-4.123814105987549,-1]"
279,1019,TSoloTarget,460,a_targ19,4,Polygon,5,-3.543214,-3.223500,-7.472939,-6.953167,"[{""x"":-3.2858030796051025,""y"":-7.4729390144348145},{""x"":-3.2235000133514404,""y"":-7.435050010681152},{""x"":-3.4743731021881104,""y"":-6.953166961669922},{""x"":-3.5432140827178955,""y"":-6.989006042480469},{""x"":-3.2858030796051025,""y"":-7.4729390144348145}]","[5,-3.2858030796051025,-7.4729390144348145,-3.2235000133514404,-7.435050010681152,-3.4743731021881104,-6.953166961669922,-3.5432140827178955,-6.989006042480469,-3.2858030796051025,-7.4729390144348145,-1]"
280,1019,TSoloTarget,462,a_targ20,4,Polygon,5,-3.861236,-3.586594,-6.800594,-6.264896,"[{""x"":-3.652298927307129,""y"":-6.800593852996826},{""x"":-3.5865941047668457,""y"":-6.7689690589904785},{""x"":-3.7892260551452637,""y"":-6.264895915985107},{""x"":-3.861236095428467,""y"":-6.293842792510986},{""x"":-3.652298927307129,""y"":-6.800593852996826}]","[5,-3.652298927307129,-6.800593852996826,-3.5865941047668457,-6.7689690589904785,-3.7892260551452637,-6.264895915985107,-3.861236095428467,-6.293842792510986,-3.652298927307129,-6.800593852996826,-1]"
281,1019,TSoloTarget,464,a_targ21,4,Polygon,5,-3.933683,-3.830392,-5.970493,-5.419546,"[{""x"":-3.902838945388794,""y"":-5.970492839813232},{""x"":-3.8303918838500977,""y"":-5.9622111320495605},{""x"":-3.8561599254608154,""y"":-5.419546127319336},{""x"":-3.933682918548584,""y"":-5.423226833343506},{""x"":-3.902838945388794,""y"":-5.970492839813232}]","[5,-3.902838945388794,-5.970492839813232,-3.8303918838500977,-5.9622111320495605,-3.8561599254608154,-5.419546127319336,-3.933682918548584,-5.423226833343506,-3.902838945388794,-5.970492839813232,-1]"
282,1019,TSoloTarget,466,a_targ22,4,Polygon,5,-3.423126,-2.919518,-2.506831,-2.158086,"[{""x"":-2.953458070755005,""y"":-2.506830930709839},{""x"":-2.919517993927002,""y"":-2.4422919750213623},{""x"":-3.3825249671936035,""y"":-2.158086061477661},{""x"":-3.423125982284546,""y"":-2.2242300510406494},{""x"":-2.953458070755005,""y"":-2.506830930709839}]","[5,-2.953458070755005,-2.506830930709839,-2.919517993927002,-2.4422919750213623,-3.3825249671936035,-2.158086061477661,-3.423125982284546,-2.2242300510406494,-2.953458070755005,-2.506830930709839,-1]"
285,1022,THole,104,ramp_hole,0,Circle,1,5.544402,6.195946,7.281864,7.933408,"[{""x"":5.870173931121826,""y"":7.607635974884033,""r"":0.3257719874382019}]","[1,5.870173931121826,7.607635974884033,0.3257719874382019,0]"
